sequence,closest_reference,identity_percent,alignment_score,matches,alignment_length,aligned_candidate,aligned_reference
GLLRRLKGLLRRLK,RLLRRLLRRLLRLQKKGI,52.63157894736842,1,10,19,GLLRR-LKGLLRRL--K--,RLLRRLLRRLL-RLQKKGI
RLRRLGLLGLRRLR,RLLRPLLQLLKQKLR,52.94117647058823,1,9,17,R-LRRLGL-LGL-RRLR,RLLRPL-LQL-LKQKLR
KRKLGLLLLGLKRK,FLGGLLASLLGKI,47.05882352941177,-1,8,17,KRKL-GLL--LLGLKRK,--FLGGLLASLLG-K-I
VVRKIVRVVRKIVR,RVVRPVVQVVKQKVR,56.25,2,9,16,-VVRKIVRVVRK-IVR,RVVRPVVQVV-KQKVR
VRVVRVRVRVVRVR,RVVRPVVQVVKQKVR,58.8235294117647,3,10,17,VRVVR-VRVRVV--RVR,-RVVRPV-VQVVKQKVR
RLLLGLRRLLLGLR,RLLRRLLRRLLRLQKKGI,55.0,2,11,20,RLL--LGLRRLL-L---GLR,RLLRRL-LRRLLRLQKKG-I
IKRVVRVVRVVRKI,RVVRPVVQVVKQKVR,52.94117647058823,1,9,17,IKRVVR-VVRVV-RK-I,--RVVRPVVQVVKQKVR
VVRKVIRVVRKVIR,RVVRPVVQVVKQKVR,56.25,2,9,16,-VVRKVIRVV-RKVIR,RVVRPVVQVVKQKV-R
RLRLGLRRLGLRLR,RLLRRLLRRLLRLQKKGI,55.0,2,11,20,R-L-RLGLRRLGLRL----R,RLLRRL-LRRL-LRLQKKGI
RKLLGLRRLGLLKR,RLLRPLLQLLKQKLR,50.0,0,9,18,RKLLGLR-RLGLL--K-R,R--L-LRPLLQLLKQKLR
KRLLRLGKRLLRLG,RLLRRLLRRLLRLQKKGI,57.89473684210526,3,11,19,KRLL-RLGKRLLRL---G-,-RLLRRLLRRLLRLQKKGI
RLLRLLKKLLRLLR,RLLRPLLQLLKQKLR,62.5,4,10,16,RLLR-LLKKLL-RLLR,RLLRPLL-QLLKQKLR
VLRVVRRVLRVVRR,RVVRQWPIGRVVRRVVRRVVRF,50.0,0,11,22,--V-----LRVVRR-VLRVVRR,RVVRQWPIGRVVRRVVRRVVRF
KLRRLLLLLLRRLK,APKAMRLLRRLLRRLLR,52.94117647058823,1,9,17,--KLRRLLLLLLRR-LK,APKAMRLLRRLLRRLLR
RVVRLVRRVVRLVR,RVVRPVVQVVKQKVR,60.0,3,9,15,RVVRLVRRVV-RLVR,RVVRPVVQVVKQKVR
RLLLGLRRLGLLLR,RLLRPLLQLLKQKLR,52.94117647058823,1,9,17,RLLLGLRRLGLL---LR,RLLRPL--LQLLKQKLR
RLGLRLRRLRLGLR,RLLRRLLRRLLRLQKKGI,55.0,2,11,20,RLGL-R-LRR-LRL---GLR,RL-LRRLLRRLLRLQKKG-I
KIRVVRVVRVVRIK,RVVRPVVQVVKQKVR,52.94117647058823,1,9,17,KIRVVR-VVRVVRIK--,--RVVRPVVQVVKQKVR
VRLLRIKVRLLRIK,RLLRRLLRRLLRLQKKGI,47.36842105263158,-1,9,19,VRLL-RIKVRLLR--IK--,-RLLRRLLRRLLRLQKKGI
KLRLLRVVRLLRLK,PKAMRLLRRLLRLQKKG,57.89473684210526,3,11,19,-K-LRLLRVVRLLRL--K-,PKAMRLLR--RLLRLQKKG
KGLLRRLLRRLLGK,APKAMRLLRRLLRRLLR,61.111111111111114,4,11,18,--K--GLLRRLLRRLLGK,APKAMRLLRRLLRRLL-R
VLKRLLRRLLRKLV,APKAMRLLRRLLRRLLR,58.8235294117647,3,10,17,VLK--RLLRRLL-RKLV,APKAMRLLRRLLRRLLR
KVRIVRVVRVIRVK,RVVRQWPIGRVVRRVVRRVVRF,45.45454545454545,-2,10,22,-KVR---IVRVV-R-VIR-V-K,RVVRQWPIGRVVRRVVRRVVRF
RGLLRLRRGLLRLR,RLLRRLLRRLLRLQKKGI,55.0,2,11,20,RGLL-R-LRRGLLRL----R,R-LLRRLLRR-LLRLQKKGI
RGLRLLRRLLRLGR,RLLRRLLRRLLRLQKKGI,66.66666666666667,6,12,18,RGL-RLLRRLLRL---GR,RLLRRLLRRLLRLQKKGI
KLLRLLRRLLRLLK,RLLRRLLRRLLRLQKKGI,66.66666666666667,6,12,18,KLL-RLLRRLLRL-LK--,RLLRRLLRRLLRLQKKGI
RRRLLGLLGLLRRR,RAGLQFPVGRLLRRLLRRLLR,47.61904761904762,-1,10,21,RRRL---LG-LL-GLLRR--R,RAGLQFPVGRLLRRLLRRLLR
RRLRGLLRRLRGLL,RLLRRLLRRLLRLQKKGI,52.63157894736842,1,10,19,RRLRGLLRR-LR----GLL,RLLRRLLRRLLRLQKKG-I
KVLRRLLKVLRRLL,APKAMRLLRRLLRRLLR,50.0,0,9,18,--KVLRRLL-KVLRRLL-,APK-AMRLLRRLLRRLLR
VLRRLLKKLLRRLV,RLLRRLLRRLLRLQKKGI,47.36842105263158,-1,9,19,-VLRRLLKKLLRRL----V,RLLRRLLRRLL-RLQKKGI
RRLRLGLLGLRLRR,RLLRPLLQLLKQKLR,50.0,0,8,16,RRLR--LGLLGLRLRR,RLLRPLLQLLKQKL-R
KIVRVRVVRVRVIK,RVVRPVVQVVKQKVR,44.44444444444444,-2,8,18,KIVRVR-VVRVRV-IK--,-RV-VRPVVQV-VKQKVR
RRLLGLRRRLLGLR,RAGLQFPVGRLLRRLLRRLLR,47.61904761904762,-1,10,21,R-RL---LG-LRRRLL--GLR,RAGLQFPVGRLLRRLLRRLLR
LKRVVRVLKRVVRV,RVVRPVVQVVKQKVR,43.75,-2,7,16,-LKR-VVRVLKRVVRV,RVVRPVVQVVKQKVR-
RKLLFRLLRFLLKR,APKAMRLLRRLLRRLLR,55.55555555555556,2,10,18,-RK---LLFRLLRFLLKR,APKAMRLLRRLLRRLL-R
VKIRVVRRVVRIKV,RVVRQWPIGRVVRRVVRRVVRF,50.0,0,11,22,--V---KI-RVVRRVVRIKV--,RVVRQWPIGRVVRRVVRRVVRF
RVLRVVKKVVRLVR,RVVRPVVQVVKQKVR,56.25,2,9,16,RVLR-VVKKVV-RLVR,RVVRPVV-QVVKQKVR
KLVRRLLLLRRVLK,APKAMRLLRRLLRRLLR,50.0,0,9,18,--KLVRRLL--LLRRVLK,APK-AMRLLRRLLRRLLR
RLKRLLGRLKRLLG,RLLRRLLRRLLRLQKKGI,55.55555555555556,2,10,18,R-LKRLLGRLKRL--LG-,RLLRRLLRRLLRLQKKGI
LGLRRLLLGLRRLL,APKAMRLLRRLLRRLLR,50.0,0,9,18,-LGLRRLL--LGLRRLL-,APKAMRLLRRL-LRRLLR
LKVVVRRLKVVVRR,KKVVVKVKFK,42.857142857142854,-2,6,14,LKVVVRRLKVVVRR,KKVVV---K-VKFK
VKVRIVRVKVRIVR,RVVRPVVQVVKQKVR,47.05882352941177,-1,8,17,-VKVR-IV-RVKVRIVR,RV-VRPVVQVVK-QKVR
KRLGRLLKRLGRLL,APKAMRLLRRLLRRLLR,50.0,0,9,18,--KRLGRLLKR-LGRLL-,APK-AMRLLRRLLRRLLR
RRLGLRLRRLGLRL,RLLRRLLRRLLRLQKKGI,52.38095238095238,1,11,21,RRLGL-R-LRRLGLRL-----,-RL-LRRLLRRL-LRLQKKGI
LGLLRRFLGLLRRF,RAGLQFPVGRLLRRLLRRLLR,43.47826086956522,-3,10,23,---L----G-LLRRFL-GLLRRF,RAGLQFPVGRLLRRLLRRLL-R-
VKIRVVRVKIRVVR,RVVRQWPIGRVVRRVVRRVVRF,50.0,0,11,22,--V---KI-RVV-RVKIRVVR-,RVVRQWPIGRVVRRVVRRVVRF
TKRLLLRRLLLRKT,PKAMRLLRRLLRLQKKG,55.55555555555556,2,10,18,TK--RLLLRRLL-L-RKT,PKAMR-LLRRLLRLQKKG
RLLLKLRRLLLKLR,RLLRPLLQLLKQKLR,60.0,3,9,15,RLLLKLRRLL-LKLR,RLLRPLLQLLKQKLR
VRLFRRLLRRFLRV,APKAMRLLRRLLRRLLR,55.55555555555556,2,10,18,----VRLFRRLLRRFLRV,APKAMRLLRRLLRRLLR-
RKFLRGLLGRLFKR,RLLRPLLQLLKQKLR,50.0,0,8,16,RKFLRGLLGRL-FK-R,R-LLRPLLQLLKQKLR
LGLRRLRLGLRRLR,APKAMRLLRRLLRRLLR,50.0,0,9,18,--LGLRRL-RLGLRR-LR,APKAMRLLRRL-LRRLLR
RLKLLLRRLLLKLR,RLLRPLLQLLKQKLR,58.8235294117647,3,10,17,RLKL--LLRRLL-LKLR,RL-LRPLL-QLLKQKLR
RLKRLLLLLLRKLR,RLLRPLLQLLKQKLR,66.66666666666667,5,10,15,RLKR-LLLLLLRKLR,RLLRPLLQLLKQKLR
LLRRLGRLLRRLGR,RLLRRLLRRLLRLQKKGI,57.89473684210526,3,11,19,-LLRR-LGRLLRRL---GR,RLLRRLLRRLL-RLQKKGI
LRGLKRLLRGLKRL,RLLRRLLRRLLRLQKKGI,47.36842105263158,-1,9,19,--L-RGLKRLLRGL--KRL,RLLRRLLRRLLR-LQKKGI
KLLRGLRRLGRLLK,RLLRRLLRRLLRLQKKGI,55.55555555555556,2,10,18,KLL-RGLRRLGRL-LK--,RLLRRLLRRLLRLQKKGI
RVLRVVKRVLRVVK,RVVRPVVQVVKQKVR,46.666666666666664,-1,7,15,RVLR-VVKRVLRVVK,RVVRPVVQVVKQKVR
IVRKVVRRVVKRVI,RVVRPVVQVVKQKVR,50.0,0,8,16,-IVRKVVRRVVK-RVI,RVVRPVV-QVVKQKVR
RLLFRRLLRRFLLR,APKAMRLLRRLLRRLLR,63.1578947368421,5,12,19,-----RLLFRRLLRRFLLR,APKAMRLL-RRLLRR-LLR
RRLFKFLRRLFKFL,KKLFKKILKYL,42.857142857142854,-2,6,14,RRLFKFLRRLFKFL,KKLFK--KIL-KYL
RLGLRRLRLGLRRL,RLLRRLLRRLLRLQKKGI,52.38095238095238,1,11,21,RLGLRR-L-RLGLRRL-----,RL-LRRLLRRL-L-RLQKKGI
KRLLLRLLRLLLRK,APKAMRLLRRLLRRLLR,61.111111111111114,4,11,18,--K--RLLLRLLRLLLRK,APKAMRLLRRLLRRLLR-
RLKLLLRRLKLLLR,RLLRPLLQLLKQKLR,56.25,2,9,16,RLKL--LLRRLKLLLR,RL-LRPLLQLLKQKLR
IRLRLLRRLLRLRI,RLLRRLLRRLLRLQKKGI,63.1578947368421,5,12,19,IR-L-RLLRRLLRL---RI,-RLLRRLLRRLLRLQKKGI
RVLRVVRRVLRVVR,RVVRQWPIGRVVRRVVRRVVRF,54.54545454545455,2,12,22,R-V-----LRVVRR-VLRVVR-,RVVRQWPIGRVVRRVVRRVVRF
KVIVRRVVRRVIVK,RVVRQWPIGRVVRRVVRRVVRF,47.82608695652174,-1,11,23,-KV----I---VRRVVRRVIV-K,RVVRQWPIGRVVRRVVRRV-VRF
RLLRLRLLRLRLLR,APKAMRLLRRLLRRLLR,63.1578947368421,5,12,19,-----RLLRLRLLRLRLLR,APKAMRLLR-RLLR-RLLR
RLLGRLRRLRGLLR,RAGLQFPVGRLLRRLLRRLLR,57.142857142857146,3,12,21,R--L---LGR-LRR-LRGLLR,RAGLQFPVGRLLRRLLRRLLR
RRLLRLGGLRLLRR,APKAMRLLRRLLRRLLR,50.0,0,10,20,----RRLL-RLGGL-RLLRR,APKAMRLLRRL--LRRLL-R
RLLRFLRRLLRFLR,RLLRPLLQLLKQKLR,60.0,3,9,15,RLLRFLRRLL-RFLR,RLLRPLLQLLKQKLR
IVRKVRVVRVKRVI,RVVRPVVQVVKQKVR,47.05882352941177,-1,8,17,IVRKVR-VV-RVK-RVI,--RVVRPVVQVVKQKVR
GRLLRLRRLRLLRG,RLLRRLLRRLLRLQKKGI,57.89473684210526,3,11,19,GRLL-R-LRR-LRL-LRG-,-RLLRRLLRRLLRLQKKGI
RLLRKLVRLLRKLV,RLLRPLLQLLKQKLR,60.0,3,9,15,RLLRKLVRLL-RKLV,RLLRPLLQLLKQKLR
KILRVRLLRVRLIK,APKAMRLLRRLLRRLLR,47.36842105263158,-1,9,19,--K---ILRVRLLRVRLIK,APKAMRLLR-RLLR-RLLR
RLLGRLRRLLGRLR,RLLRRLLRRLLRLQKKGI,57.89473684210526,3,11,19,RLLGR-LRRLLGRL----R,RLLRRLLRRLL-RLQKKGI
VRLLRLRVRLLRLR,RLLRRLLRRLLRLQKKGI,55.0,2,11,20,VRLL-R-LRVRLLRL----R,-RLLRRLLR-RLLRLQKKGI
RVIVKRVVRKVIVR,RVVRPVVQVVKQKVR,52.94117647058823,1,9,17,RVIVKR--V-VRKVIVR,RV-V-RPVVQVVKQKVR
VRRIVKVVRRIVKV,KRIVKRIKAFLR,41.1764705882353,-3,7,17,VRRIVKVVRRIVK---V,-KRIVK---RI-KAFLR
KRRLLLLLLLLRRK,APKAMRLLRRLLRRLLR,47.36842105263158,-1,9,19,--K-RRLL--LLLLLLRRK,APKAMRLLRRLLRRLL-R-
RLLRLKLLKLRLLR,RLLRPLLQLLKQKLR,62.5,4,10,16,RLLR--LKLLKLRLLR,RLLRPLLQLLK-QKLR
LRGRLLRLRGRLLR,APKAMRLLRRLLRRLLR,55.55555555555556,2,10,18,--LRGRLL-R-LRGRLLR,APKAMRLLRRLLR-RLLR
RVRVRLLRVRVRLL,RAGLQFPVGRLLRRLLRRLLR,45.45454545454545,-2,10,22,R----VRV-RLLRVR--VRLL-,RAGLQFPVGRLLR-RLLRRLLR
IRVRLLRIRVRLLR,APKAMRLLRRLLRRLLR,50.0,0,9,18,--IRVRLLRIR--VRLLR,APKAMRLLR-RLLRRLLR
LKRLLGRLKRLLGR,APKAMRLLRRLLRRLLR,55.55555555555556,2,10,18,-LK--RLLGR-LKRLLGR,APKAMRLLRRLLRRLL-R
KFFRRLFKFFRRLF,APKAMRLLRRLLRRLLR,35.294117647058826,-5,6,17,--KFFRRLFKFFRR-LF,APKAMRLLRRLLRRLLR
RLRGLLRRLLGRLR,RLLRRLLRRLLRLQKKGI,57.89473684210526,3,11,19,R-LRGLLRRLLGRL----R,RLLRRLLRRLL-RLQKKGI
RLLRRLGRLLRRLG,RLLRRLLRRLLRLQKKGI,63.1578947368421,5,12,19,RLLRR-LGRLLRRL---G-,RLLRRLLRRLL-RLQKKGI
RVIVRKVVKRVIVR,RVVRPVVQVVKQKVR,56.25,2,9,16,RVIVRKVVKRV--IVR,RV-VRPVVQVVKQKVR
RLLRKLLRLLRKLL,RLLRPLLQLLKQKLR,66.66666666666667,5,10,15,RLLRKLLRLL-RKLL,RLLRPLLQLLKQKLR
RLGLLRRRRLLGLR,RAGLQFPVGRLLRRLLRRLLR,52.17391304347826,1,12,23,R--L----G-LLRR--RRLLGLR,RAGLQFPVGRLLRRLLRR-L-LR
GLRRRLLGLRRRLL,RAGLQFPVGRLLRRLLRRLLR,47.61904761904762,-1,10,21,--GL---RRRLL-GLRRRLL-,RAGLQFPVGRLLRRLLRRLLR
LLRRLRILLRRLRI,RLLRRLLRRLLRLQKKGI,57.89473684210526,3,11,19,-LLRR-LRILLRRL---RI,RLLRRLLRRLL-RLQKKGI
LRRLKGFLRRLKGF,RLLRRLLRRLLRLQKKGI,50.0,0,9,18,--LRRLKGFLRRL--KGF,RLLRRLLRRLLRLQKKGI
RLVRLLRRLLRVLR,RAGLQFPVGRLLRRLLRRLLR,61.904761904761905,5,13,21,R--L---V-RLLRRLL-RVLR,RAGLQFPVGRLLRRLLRRLLR
LLRKLLRRLLKRLL,RLLRRLLRRLLRLQKKGI,57.89473684210526,3,11,19,-LLRKLLRRLLKRL----L,RLLRRLLRRLL-RLQKKGI
LKIGLRRLKIGLRR,APKAMRLLRRLLRRLLR,41.1764705882353,-3,7,17,-LK--IGLRRLKIGLRR,APKAMRLLRRLLRRLLR
KVRLVRVVRVLRVK,KKVVVKVKFK,42.857142857142854,-2,6,14,KVRLVRVVRVLRVK,K--KV-VVKV-KFK
RVRLLRLLRLLRVR,RLLRPLLQLLKQKLR,52.94117647058823,1,9,17,RVRLLR-LLRLL--RVR,--RLLRPLLQLLKQKLR
VRVVRVKKVRVVRV,RVVRPVVQVVKQKVR,50.0,0,9,18,VRVVR-VKKVRV---VRV,-RVVRPVVQV-VKQKVR-
RRLFRLLRRLFRLL,RAGLQFPVGRLLRRLLRRLLR,57.142857142857146,3,12,21,R-RL-F---RLLRR-LFRLL-,RAGLQFPVGRLLRRLLRRLLR
RLLRFFKRLLRFFK,RLLRRLLRRLLRLQKKGI,50.0,0,9,18,RLL-RFFKRLLR-FFK--,RLLRRLLRRLLRLQKKGI
RLKGFLRRLKGFLR,KRKVKRIKKFLR,46.666666666666664,-1,7,15,-RLKGFLRRLKGFLR,KR-K--VKRIKKFLR
LLRKGLRRLGKRLL,RLLRRLLRRLLRLQKKGI,47.36842105263158,-1,9,19,-LLRKGLRRLGKRL----L,RLLRRLLRRL-LRLQKKGI
RRLLRGLRRLLRGL,RLLRRLLRRLLRLQKKGI,57.89473684210526,3,11,19,RRLL-RGLRRLLR----GL,-RLLRRLLRRLLRLQKKGI
RRGLLLRRRGLLLR,RAGLQFPVGRLLRRLLRRLLR,50.0,0,11,22,RRGL------LLRR--RGLLLR,RAGLQFPVGRLLRRLLR-RLLR
VLRKILRRLIKRLV,ILKKIWEGIKSLF,42.857142857142854,-2,6,14,VLRKILRRLIKRLV,ILKKI-WEGIKSLF
RFGRLLRRFGRLLR,RAGLQFPVGRLLRRLLRRLLR,57.142857142857146,3,12,21,R----F--GRLLRR-FGRLLR,RAGLQFPVGRLLRRLLRRLLR
RRLLGKLLKGLLRR,RLLRPLLQLLKQKLR,52.94117647058823,1,9,17,R--R-LLGKLLKGLLRR,RLLRPLL-QLLKQKL-R
LRLGLRRLRLGLRR,APKAMRLLRRLLRRLLR,50.0,0,10,20,----LRLGLRR-L-RLGLRR,APKAMRL-LRRLLRRL-L-R
RRRLGLLRRRLGLL,RAGLQFPVGRLLRRLLRRLLR,47.61904761904762,-1,10,21,RRRL----G-LLRRRL-GLL-,RAGLQFPVGRLLRRLLRRLLR
RRLLGRLRRLLGRL,RLLRRLLRRLLRLQKKGI,55.0,2,11,20,RRLLGR-LRRLLGRL-----,-RLLRRLLRRLL-RLQKKGI
KLFRRLFKLFRRLF,APKAMRLLRRLLRRLLR,45.0,-2,9,20,--K---LFRRLFKLFRR-LF,APKAMRLLRRL--L-RRLLR
LLRRVRILLRRVRI,RLLRRLLRRLLRLQKKGI,50.0,0,9,18,-LLRR-VRILLR--RVRI,RLLRRLLRRLLRLQKKGI
RRLLVKVRRLLVKV,RLLRRLLRRLLRLQKKGI,42.10526315789474,-3,8,19,RRLL-VKVRR-L-L-VK-V,-RLLRRLLRRLLRLQKKGI
VRLRLRIVRLRLRI,RLLRRLLRRLLRLQKKGI,47.61904761904762,-1,10,21,VR-L-R-LRIVR-LRL---RI,-RLLRRLLR--RLLRLQKKGI
LKLGLRRLKLGLRR,APKAMRLLRRLLRRLLR,47.36842105263158,-1,9,19,-LK---LGLRRLKL-GLRR,APKAMRL-LRRL-LRRLLR
LVRLRRILVRLRRI,RLLRRLLRRLLRLQKKGI,47.36842105263158,-1,9,19,--LVR-LRRILVRL--RRI,RLLRRLLRR-LLRLQKKGI
LFKGLRRLFKGLRR,RAGLQFPVGRLLRRLLRRLLR,42.857142857142854,-3,9,21,---L-F-KG--LRRLFKGLRR,RAGLQFPVGRLLRRLLRRLLR
KALLRRLLRRLLAK,APKAMRLLRRLLRRLLR,66.66666666666667,6,12,18,--KA--LLRRLLRRLLAK,APKAMRLLRRLLRRLL-R
LVRRLRILVRRLRI,RLLRRLLRRLLRLQKKGI,47.36842105263158,-1,9,19,-LVRR-LRILVRRL---RI,RLLRRLLRRL-LRLQKKGI
VRKVIRVVRIVKRV,RVVRPVVQVVKQKVR,47.05882352941177,-1,8,17,VRKVIR-VVRIVK-RV-,-R-VVRPVVQVVKQKVR
FGRLLRRFGRLLRR,APKAMRLLRRLLRRLLR,50.0,0,9,18,---FGRLLRR-FGRLLRR,APKAMRLLRRLLRRLL-R
RRLLFRLLRFLLRR,APKAMRLLRRLLRRLLR,55.55555555555556,2,10,18,----RRLLFRLLRFLLRR,APKAMRLLRRLLRRLL-R
KGRLLRLKGRLLRL,APKAMRLLRRLLRRLLR,55.55555555555556,2,10,18,--K-GRLL-RLKGRLLRL,APKAMRLLRRLLRRLLR-
VRRLLKLLKLLRRV,RLLRPLLQLLKQKLR,50.0,0,9,18,VR--R-LLKLLK-LLRRV,-RLLRPLLQLLKQKL-R-
RLRLLRLLRLLRLR,RLLRPLLQLLKQKLR,58.8235294117647,3,10,17,RLRLLR-LLRLL--RLR,--RLLRPLLQLLKQKLR
RLLRLRLRLLRLRL,RLLRPLLQLLKQKLR,58.8235294117647,3,10,17,RLLR-LRLRLL--RLRL,RLLRPL-LQLLKQKLR-
VRRFLRLLRLFRRV,RLLRRLLRRLLRLQKKGI,44.44444444444444,-2,8,18,--VRRFL-RLLRL-FRRV,RLLRRLLRRLLRLQKKGI
RVLRLRLLRLRLVR,APKAMRLLRRLLRRLLR,52.63157894736842,1,10,19,-----RVLRLRLLRLRLVR,APKAMRLLR-RLLR-RLLR
RKLLRLVVLRLLKR,RLLRPLLQLLKQKLR,55.55555555555556,2,10,18,RKLLR-LVVLRLL--K-R,R-LLRPL--LQLLKQKLR
VKRVIRVVKRVIRV,RVVRPVVQVVKQKVR,47.05882352941177,-1,8,17,-VKR-VIRVVK-RVIRV,RVVRPVVQVVKQKV-R-
RLFRLLRRLLRFLR,RAGLQFPVGRLLRRLLRRLLR,61.904761904761905,5,13,21,R--L-F---RLLRRLL-RFLR,RAGLQFPVGRLLRRLLRRLLR
RRLFLLKRRLFLLK,RLLRRLLRRLLRLQKKGI,50.0,0,10,20,RRL-FLLKRRLFL-L--K--,RLLRRLL-RRL-LRLQKKGI
LLRLFKRLLRLFKR,RLLRRLLRRLLRLQKKGI,55.55555555555556,2,10,18,-LL-RLFKRLLRL-FK-R,RLLRRLLRRLLRLQKKGI
RLRGLRLLRLGRLR,RLLRPLLQLLKQKLR,52.94117647058823,1,9,17,RLRGLR-LL-RL-GRLR,RL--LRPLLQLLKQKLR
RKFLRFLLFRLFKR,RLLRPLLQLLKQKLR,50.0,0,8,16,RKFLRFLLFRL-FK-R,R-LLRPLLQLLKQKLR
TRVVRVRRVRVVRT,RVVRQWPIGRVVRRVVRRVVRF,52.17391304347826,1,12,23,TRVV------R-VRR-V-RVVRT,-RVVRQWPIGRVVRRVVRRVVRF
RLRGLFRRLRGLFR,RAGLQFPVGRLLRRLLRRLLR,47.61904761904762,-1,10,21,R--L---RG-LFRR-LRGLFR,RAGLQFPVGRLLRRLLRRLLR
VLRKVLRRLVKRLV,KRKVKRIKKFLR,42.857142857142854,-2,6,14,VLRKVLRRLVKRLV,-KRKV-KRIKKFLR
KVRIRVVKVRIRVV,RVVRQWPIGRVVRRVVRRVVRF,47.82608695652174,-1,11,23,-KVR---I-RVV--KVRIRVV--,RVVRQWPIGRVVRRVVR-RVVRF
RFRLLRLLRLLRFR,RLLRPLLQLLKQKLR,52.94117647058823,1,9,17,RFRLLR-LLRLL--RFR,--RLLRPLLQLLKQKLR
KIRVRVVKIRVRVV,KKVVVKVKFK,42.857142857142854,-2,6,14,KIRVRVVKIRVRVV,K-KV-VVK--VKFK
QRLLRRLLRRLLRQ,RLLRRLLRRLLRLQKKGI,68.42105263157895,7,13,19,QRLLRRLLRRLLR-Q----,-RLLRRLLRRLLRLQKKGI
RLLRFGRRLLRFGR,RLLRRLLRRLLRLQKKGI,55.55555555555556,2,10,18,RLL-RFGRRLLR---FGR,RLLRRLLRRLLRLQKKGI
LRRGLRLLRRGLRL,APKAMRLLRRLLRRLLR,50.0,0,9,18,---LRRGL-RLLRRGLRL,APKAMRLLRRLLRRLLR-
LLRIRLRLLRIRLR,RLLRPLLQLLKQKLR,53.333333333333336,1,8,15,-LLRIRLRLLRIRLR,RLLRPLLQLLKQKLR
RLKRLLLRLKRLLL,RLLRPLLQLLKQKLR,56.25,2,9,16,RLKR-LL-LRLKRLLL,RLLRPLLQL-LKQKLR
LLRKFLRLLRKFLR,RLLRPLLQLLKQKLR,56.25,2,9,16,-LLRKFLRLLRK-FLR,RLLRPLLQLL-KQKLR
RRLLGRFRRLLGRF,APKAMRLLRRLLRRLLR,47.36842105263158,-1,9,19,----RRLLGR-FRRLLGRF,APKAMRLLRRLLRRLL-R-
IRLLRRLLRRLLRI,RLLRRLLRRLLRLQKKGI,68.42105263157895,7,13,19,IRLLRRLLRRLLR-----I,-RLLRRLLRRLLRLQKKGI
VLRVRRVVLRVRRV,VSRRRRRRGGRRRR,46.666666666666664,-1,7,15,V-LRVRRVVLRVRRV,VSRRRRRRGGR-RRR
VVVRRKIVVVRRKI,RVVRPVVQVVKQKVR,43.75,-2,7,16,VVVRRKIV-VVRRK-I,RVV-RPVVQVVKQKVR
QLRRVLRRLVRRLQ,RLLRRLLRRLLRLQKKGI,52.63157894736842,1,10,19,-QLRRVLRRLVRRLQ----,RLLRRLLRRL-LRLQKKGI
VLRRLFRVLRRLFR,APKAMRLLRRLLRRLLR,47.05882352941177,-1,8,17,---VLRRLFRVLRRLFR,APKAMRLLRRLLRRLLR
RLRRLLGRLRRLLG,RLLRRLLRRLLRLQKKGI,61.111111111111114,4,11,18,R-LRRLLGRLRRL--LG-,RLLRRLLRRLLRLQKKGI
VRLLRVRVRLLRVR,APKAMRLLRRLLRRLLR,45.0,-2,9,20,----VRLLRVRVRLL-R-VR,APKAMRLL--R-RLLRRLLR
FGRLLRLLRLLRGF,RLLRRLLRRLLRLQKKGI,55.0,2,11,20,FGRLL-RLL-RLLR----GF,--RLLRRLLRRLLRLQKKGI
RVRLLRVVRLLRVR,RAGLQFPVGRLLRRLLRRLLR,47.82608695652174,-1,11,23,R------V-RLLRVVRLL-R-VR,RAGLQFPVGRLLR--RLLRRLLR
LLRRVLKKLVRRLL,APKAMRLLRRLLRRLLR,47.61904761904762,-1,10,21,------LLRRVLKKLVRRLL-,APKAMRLLRR-L--L-RRLLR
KFLLRRLLRRLLFK,APKAMRLLRRLLRRLLR,61.111111111111114,4,11,18,--K--FLLRRLLRRLLFK,APKAMRLLRRLLRRLL-R
QVVKRVKKVRKVVQ,RVVRPVVQVVKQKVR,43.75,-2,7,16,QVVKR-VKKVRK-VVQ,RVV-RPVVQVVKQKVR
VLLKRVRVLLKRVR,RLLRPLLQLLKQKLR,43.75,-2,7,16,VLLKR-VRVLLK-RVR,RLL-RPLLQLLKQKLR
VVKRRIVVIRRKVV,RVVRPVVQVVKQKVR,43.75,-2,7,16,-VVKRRIV-VIRRKVV,RVV-RPVVQVVKQKVR
LRVRLLRLRVRLLR,APKAMRLLRRLLRRLLR,55.55555555555556,2,10,18,--LRVRLL-R-LRVRLLR,APKAMRLLRRLLR-RLLR
LVRLRKLLVRLRKL,RLLRRLLRRLLRLQKKGI,47.36842105263158,-1,9,19,--LVR-LRKLLVRL-RK-L,RLLRRLLRRLL-RLQKKGI
LRRVVRLLRRVVRL,RVVRQWPIGRVVRRVVRRVVRL,50.0,0,11,22,--LR-----RVV-RLLRRVVRL,RVVRQWPIGRVVRRVVRRVVRL
VLVRVKRVLVRVKR,RVVRPVVQVVKQKVR,47.05882352941177,-1,8,17,-VLVR-VKRVLVRVK-R,RV-VRPVVQV-VKQKVR
RVLRVRLLRVRLVR,APKAMRLLRRLLRRLLR,52.63157894736842,1,10,19,-----RVLRVRLLRVRLVR,APKAMRLLR-RLLR-RLLR
VRLRRVIVRLRRVI,VSRRRRRRGGRRRR,43.75,-2,7,16,V-RLRRVIVR-LRRVI,VSR-RR-RRRGGRRRR
QLRRLRLLRLRRLQ,RLLRRLLRRLLRLQKKGI,52.63157894736842,1,10,19,-QLRRLRLLRLRRLQ----,RLLRRL-LRRLLRLQKKGI
VRRVLRLLRLVRRV,RLLRRLLRRLLRLQKKGI,44.44444444444444,-2,8,18,--VRRVL-RLLRL-VRRV,RLLRRLLRRLLRLQKKGI
VRLRIVRVRLRIVR,VSRRRRRRGGRRRR,43.75,-2,7,16,V-RLRIVRVR-LRIVR,VSR-R-RRRRGGRRRR
VLRKIIRRIIKRLV,ILKKIWEGIKSLF,42.857142857142854,-2,6,14,VLRKIIRRIIKRLV,IL-KKIWEGIKSLF
VRLRVVRVRLRVVR,RVVRQWPIGRVVRRVVRRVVRF,52.17391304347826,1,12,23,--VR----LRVV-R-VRLRVVR-,RVVRQWPIGRVVRRVVR-RVVRF
RVLRVRVRVLRVRV,RVVRPVVQVVKQKVR,47.05882352941177,-1,8,17,RVLR-VRV-RV-LRVRV,RVVRPV-VQVVKQKVR-
RLKVLRLLRLVKLR,RLLRPLLQLLKQKLR,58.8235294117647,3,10,17,RLKVLR-LL-RL-VKLR,RL--LRPLLQLLKQKLR
RRLLRLFRRLLRLF,RLLRRLLRRLLRLQKKGI,57.89473684210526,3,11,19,RRLL-RLFRRLLRL----F,-RLLRRLLRRLLRLQKKGI
QRVVKRVVRKVVRQ,RVVRPVVQVVKQKVR,50.0,0,9,18,QRVVKR--V-VRK-VVRQ,-RVV-RPVVQVVKQKVR-
IVRLRLRIVRLRLR,APKAMRLLRRLLRRLLR,45.0,-2,9,20,---IVR-L-R-LRIVRLRLR,APKAMRLLRRLLR--RL-LR
VVRRLRVVVRRLRV,VSRRRRRRGGRRRR,46.666666666666664,-1,7,15,V-VRRLRVVVRRLRV,VSRRRRRRGGRR-RR
LVRKLLRRLLKRVL,APKAMRLLRRLLRRLLR,50.0,0,9,18,---LVRKLLRRLLKRVL-,APKAMR-LLRRLLRRLLR
QVKRVRVVRVRKVQ,RVVRPVVQVVKQKVR,47.05882352941177,-1,8,17,QVKRVR-VV-RV-RKVQ,RV--VRPVVQVVKQKVR
RLVRRLLRLVRRLL,RAGLQFPVGRLLRRLLRRLLR,57.142857142857146,3,12,21,R--L---VRRLL-RLVRRLL-,RAGLQFPVGRLLRRLLRRLLR
LRRLRLILRRLRLI,RLLRRLLRRLLRLQKKGI,55.0,2,11,20,-LRRLRLILRR-LRL----I,RLLR-RL-LRRLLRLQKKGI
RKVLRLLLLRLVKR,PKAMRLLRRLLRLQKKG,52.94117647058823,1,9,17,RKVLRLL--LLRL-VKR,PKAMRLLRRLLRLQKKG
LVLRRLKLVLRRLK,RLLRRLLRRLLRLQKKGI,50.0,0,10,20,-LVLRRLKL-VLRRL--K--,RL-LRRL-LRRLLRLQKKGI
VRFFRRLLRRFFRV,APKAMRLLRRLLRRLLR,44.44444444444444,-2,8,18,----VRFFRRLLRRFFRV,APKAMRLLRRLLRRLLR-
QRVVKKVVKKVVRQ,RVVRPVVQVVKQKVR,50.0,0,9,18,QR-V--VKKVVK-KVVRQ,-RVVRPVVQVVKQK-VR-
GRRLLRLLRLLRRG,RLLRRLLRRLLRLQKKGI,55.55555555555556,2,10,18,--GRRLL-RLLRLLRRG-,RLLRRLLRRLLRLQKKGI
KKLLKLLLLKLLKK,KKWRKWLKWLAKK,53.333333333333336,1,8,15,KKLLKLLLLK-LLKK,KKWRK--WLKWLAKK
RVRLRVLLVRLRVR,RVVRPVVQVVKQKVR,46.666666666666664,-1,7,15,R-VRLRVLLVRLRVR,RVVRPVVQVVKQKVR
LRLLRKGLRLLRKG,RLLRRLLRRLLRLQKKGI,57.89473684210526,3,11,19,LRLLRKGL-RLLR---KG-,-RLLRRLLRRLLRLQKKGI
VRRVLRVVRLVRRV,RVVRQWPIGRVVRRVVRRVVRF,45.45454545454545,-2,10,22,--VR-----R-VLRVVRLVRRV,RVVRQWPIGRVVRRVVRRVVRF
RLLGLRRRRLGLLR,APKAMRLLRRLLRRLLR,47.61904761904762,-1,10,21,-----RLLGLRR--RRLGLLR,APKAMR-L-LRRLLRR--LLR
TLRRLRLLRLRRLT,RLLRRLLRRLLRLQKKGI,50.0,0,9,18,-TLRR-L-RLLRL-RRLT,RLLRRLLRRLLRLQKKGI
VRRLKLVVRRLKLV,KRKVKRIKKFLR,40.0,-3,6,15,VRRLKLVVRRLK-LV,-KR-K-VKRIKKFLR
QLRRRLLLLRRRLQ,RLLRRLLRRLLRLQKKGI,50.0,0,10,20,QLRRRLL--LLRRRLQ----,RLLRRLLRRLL--RLQKKGI
RRLRLLLRRLRLLL,RLLRRLLRRLLRLQKKGI,55.55555555555556,2,10,18,RRLRLLLRR-LRL---LL,RLLRRLLRRLLRLQKKGI
RVIRVVKRVIRVVK,RVVRQWPIGRVVRRVVRRVVRF,50.0,0,11,22,R-V----I-RVVKR-VIRVV-K,RVVRQWPIGRVVRRVVRRVVRF
GRRLLKLLKLLRRG,RLLRPLLQLLKQKLR,50.0,0,9,18,GR--R-LLKLLK-LLRRG,-RLLRPLLQLLKQKL-R-
QRVVRVRRVRVVRQ,RVVRQWPIGRVVRRVVRRVVRF,52.17391304347826,1,12,23,QRVV------R-VRR-V-RVVRQ,-RVVRQWPIGRVVRRVVRRVVRF
LRLLRLRLRLLRLR,RLLRPLLQLLKQKLR,58.8235294117647,3,10,17,LRLLR-LRLRLL--RLR,-RLLRPL-LQLLKQKLR
RIRLVRLLRVLRIR,RAGLQFPVGRLLRRLLRRLLR,47.61904761904762,-1,10,21,RIRL---V-RLL-RVL-R-IR,RAGLQFPVGRLLRRLLRRLLR
RLVLRRVVRRLVLR,APKAMRLLRRLLRRLLR,52.63157894736842,1,10,19,-----RLVLRRVVRRLVLR,APKAMRL-LRRLLRRL-LR
RRGLLRLLRLLGRR,RLLRPLLQLLKQKLR,52.94117647058823,1,9,17,RRGLLR-LLRLL--GRR,-R-LLRPLLQLLKQKLR
KLRFFRLLRFFRLK,RLLRRLLRRLLRLQKKGI,45.0,-2,9,20,-KLRFFRLL-RFFRL--K--,RLLR--RLLRRLLRLQKKGI
QRVVRKVVKRVVRQ,RVVRPVVQVVKQKVR,52.94117647058823,1,9,17,QRVVR---KVVKRVVRQ,-RVVRPVVQVVKQKVR-
KLLRLRLLRLRLLK,APKAMRLLRRLLRRLLR,57.89473684210526,3,11,19,--K---LLRLRLLRLRLLK,APKAMRLLR-RLLR-RLLR
FRRLLIRFRRLLIR,APKAMRLLRRLLRRLLR,50.0,0,9,18,---FRRLLIR-FRRLLIR,APKAMRLLRRLLRRLL-R
KLRLVRVVRVLRLK,PKAMRLLRRLLRLQKKG,47.36842105263158,-1,9,19,-K-LRLVRVVRVLRL--K-,PKAMRLLR--RLLRLQKKG
LRLLRRILRLLRRI,RLLRRLLRRLLRLQKKGI,57.89473684210526,3,11,19,LRLLRRIL-RLLR----RI,-RLLRRLLRRLLRLQKKGI
GFRLLRLLRLLRFG,RLLRRLLRRLLRLQKKGI,55.0,2,11,20,GFRLL-RLL-RLLR---FG-,--RLLRRLLRRLLRLQKKGI
VRVVRLKKLRVVRV,KRKVKRIKKFLR,43.75,-2,7,16,VR-VVRLKK-LRVVRV,KRKVKRIKKFL---R-
VRRVLKVVKLVRRV,RVVRPVVQVVKQKVR,47.05882352941177,-1,8,17,--VRRVLKVVK-LVRRV,RVVRPVVQVVKQKV-R-
LLRRVIRRIVRRLL,VSRRRRRRGGRRRR,42.857142857142854,-2,6,14,LLRRVIRRIVRRLL,VSRRRRRRGGRRRR
RLLRRLFRLLRRLF,RLLRRLLRRLLRLQKKGI,57.89473684210526,3,11,19,RLLRR-LFRLLRRL----F,RLLRRLLRRLL-RLQKKGI
KLLLRRLLRRLLLK,RLLRRLLRRLLRLQKKGI,63.1578947368421,5,12,19,KLLLRRLLRRLL-L--K--,-RLLRRLLRRLLRLQKKGI
RLVRRLLLLRRVLR,RLLRPLLQLLKQKLR,60.0,3,9,15,RLVRRLL-LLRRVLR,RLLRPLLQLLKQKLR
RLLRRFLRLLRRFL,RLLRRLLRRLLRLQKKGI,55.55555555555556,2,10,18,RLLRRFL-RLLR---RFL,RLLRRLLRRLLRLQKKGI
FLRRLFRRFLRRLF,RLLRRLLRRLLRLQKKGI,47.36842105263158,-1,9,19,-FLRRLFRRFLRRL----F,RLLRRLLRR-LLRLQKKGI
RLLRIRVRLLRIRV,RLLRRLLRRLLRLQKKGI,47.36842105263158,-1,9,19,RLLRIR--VRLLR---IRV,RLLR-RLLRRLLRLQKKGI
VRLVRVKVRLVRVK,RVVRPVVQVVKQKVR,41.1764705882353,-3,7,17,VRLVR-VKVRLV--RVK,-RVVRPV-VQVVKQKVR
RLFFRRFRLFFRRF,RAGLQFPVGRLLRRLLRRLLR,39.130434782608695,-5,9,23,R--L-F--FR--RFRLFFRR--F,RAGLQFPVGRLLR-RL-LRRLLR
QLRRLVRRVLRRLQ,RLLRRLLRRLLRLQKKGI,52.63157894736842,1,10,19,-QLRRLVRRVLRRLQ----,RLLRRLLRR-LLRLQKKGI
LLLRRKILLLRRKI,RLLRRLLRRLLRLQKKGI,52.63157894736842,1,10,19,LLLRRKIL--LLR--RK-I,RLLRR-LLRRLLRLQKKGI
VRRRLLIVRRRLLI,RLLRRLLRRLLRLQKKGI,47.61904761904762,-1,10,21,VR--RRLLIVRR--RL---LI,-RLLRRLL--RRLLRLQKKGI
LLLRRLKLLLRRLK,RLLRRLLRRLLRLQKKGI,55.0,2,11,20,LLLRRLKL--LLRRL--K--,RLLRRL-LRRLL-RLQKKGI
LLRRLIRRILRRLL,APKAMRLLRRLLRRLLR,52.94117647058823,1,9,17,--LLRRLIRRILRRLL-,APKAMRLLRRLLRRLLR
RLLKRLLRLLKRLL,RLLRPLLQLLKQKLR,62.5,4,10,16,RLLKR-LLRLLK-RLL,RLL-RPLLQLLKQKLR
GLRRLLLLLLRRLG,RLLRRLLRRLLRLQKKGI,52.63157894736842,1,10,19,-GLRRLLLLLLRRL---G-,RLLRRLLRRLL-RLQKKGI
RLVVRRVVRRVVLR,RVVRPVVQVVKQKVR,52.94117647058823,1,9,17,RLVVRRVVRRVV---LR,R-VVRPVV-QVVKQKVR
RKLLVVRRKLLVVR,KRKVKRIKKFLR,43.75,-2,7,16,-RKLLVVR-RKLLVVR,KRK--VKRIKKFL--R
RRRLGLLLLGLRRR,RAGLQFPVGRLLRRLLRRLLR,45.45454545454545,-2,10,22,RRRL----G-LL-LLGLRR--R,RAGLQFPVGRLLRRL-LRRLLR
RVLRRLLRVLRRLL,RLLRRLLRRLLRLQKKGI,55.55555555555556,2,10,18,RVLRRLLRVLRRL----L,RLLRRLLRRLLRLQKKGI
LLRRIVRRVIRRLL,VSRRRRRRGGRRRR,42.857142857142854,-2,6,14,LLRRIVRRVIRRLL,VSRRRRRRGGRRRR
VRLVRIRVRLVRIR,VSRRRRRRGGRRRR,43.75,-2,7,16,V-RLVRIRVR-LVRIR,VSR--RRRRRGGRRRR
RVLRVRVVRVRLVR,RVVRPVVQVVKQKVR,52.94117647058823,1,9,17,RVLRVR-VV-RV-RLVR,RV--VRPVVQVVKQKVR
LLRFGRLLRGFRLL,APKAMRLLRRLLRRLLR,47.61904761904762,-1,10,21,------LLRFGRLLRGFRLL-,APKAMRLLR--RLLR--RLLR
KLFRRLLLLRRFLK,APKAMRLLRRLLRRLLR,50.0,0,9,18,--KLFRRLL--LLRRFLK,APK-AMRLLRRLLRRLLR
LIRLRRLLRRLRIL,APKAMRLLRRLLRRLLR,52.63157894736842,1,10,19,---LIR-LRRLLRR-LRIL,APKAMRLLRRLLRRLLR--
LRRLKLLLRRLKLL,RLLRRLLRRLLRLQKKGI,50.0,0,10,20,--LRRLKL--LLRRL--KLL,RLLRRL-LRRLL-RLQKKGI
QRIRLRVVRLRIRQ,RRIRPRPPRLPRPRPRP,47.05882352941177,-1,8,17,QRIRLRVVRL---RIRQ,RRIRPRPPRLPRPRPRP
VVLRKRVVVLRKRV,RVVRPVVQVVKQKVR,47.05882352941177,-1,8,17,-VVLRKRV-VVLRK-RV,RVV-RPVVQVVKQKVR-
RGLRRLLLLRRLGR,RLLRRLLRRLLRLQKKGI,57.89473684210526,3,11,19,RGLRRLL--LLRRL---GR,RLLRRLLRRLL-RLQKKGI
ILRRRLLLLRRRLI,RLLRRLLRRLLRLQKKGI,50.0,0,9,18,ILRRRLL--LLR--RRLI,RLLRRLLRRLLRLQKKGI
LLRRLKLLLRRLKL,RLLRRLLRRLLRLQKKGI,55.0,2,11,20,-LLRRLKL--LLRRL--K-L,RLLRRL-LRRLL-RLQKKGI
LLRLLKRLLRLLKR,RLLRRLLRRLLRLQKKGI,61.111111111111114,4,11,18,-LL-RLLKRLLRL-LK-R,RLLRRLLRRLLRLQKKGI
RLLRRLFFLRRLLR,APKAMRLLRRLLRRLLR,63.1578947368421,5,12,19,-----RLLRRLFFLRRLLR,APKAMRLLRRL--LRRLLR
GLLRRLLLLRRLLG,RLLRRLLRRLLRLQKKGI,57.89473684210526,3,11,19,GLLRRLL--LLRRL--LG-,RLLRRLLRRLL-RLQKKGI
RFLRRLFRFLRRLF,RLLRRLLRRLLRLQKKGI,50.0,0,9,18,RFLRRLFRFLRRL----F,RLLRRLLRRLLRLQKKGI
RRFLRLLLLRLFRR,RLLRPLLQLLKQKLR,50.0,0,8,16,RRFLR-LL-LLRLFRR,-RLLRPLLQLLKQKLR
RLFRRLLRLFRRLL,RAGLQFPVGRLLRRLLRRLLR,57.142857142857146,3,12,21,R--L-F--RRLL-RLFRRLL-,RAGLQFPVGRLLRRLLRRLLR
RLFRLFRRFLRFLR,RAGLQFPVGRLLRRLLRRLLR,52.38095238095238,1,11,21,R--L-F---RLFRRFL-RFLR,RAGLQFPVGRLLRRLLRRLLR
LRLGRLRRLRGLRL,RAGLQFPVGRLLRRLLRRLLR,47.82608695652174,-1,11,23,LR--L----GR-LRR-L-RGLRL,-RAGLQFPVGRLLRRLLRRLLR-
LIRRLLRRLLRRIL,APKAMRLLRRLLRRLLR,58.8235294117647,3,10,17,--LIRRLLRRLLRRIL-,APKAMRLLRRLLRRLLR
VLLRRVRVLLRRVR,VSRRRRRRGGRRRR,50.0,0,7,14,VLLRRVRVLLRRVR,VSRRRRRRGGRRRR
IRVRLRVVRLRVRI,RVVRQWPIGRVVRRVVRRVVRF,45.833333333333336,-2,11,24,-------I-R-VRLRVVRLR-VRI,RVVRQWPIGRVVR-RVVR-RVVRF
RRLLRLVVLRLLRR,APKAMRLLRRLLRRLLR,50.0,0,10,20,----RRLL-RLVVL-RLLRR,APKAMRLLRRL--LRRLL-R
FRLLFKRFRLLFKR,RLLRPLLQLLKQKLR,43.75,-2,7,16,FRLLFKRFRLL-FK-R,-RLLRPLLQLLKQKLR
FRRLLFRRFLLRRF,APKAMRLLRRLLRRLLR,47.36842105263158,-1,9,19,---FRRLLFRRFLLRR--F,APKAMRLL-RR-LLRRLLR
QLRIRRLLRRIRLQ,RLLRRLLRRLLRLQKKGI,52.63157894736842,1,10,19,QLRIRRLLRR-IRLQ----,RL-LRRLLRRLLRLQKKGI
RLRLGRLLRGLRLR,RLLRPLLQLLKQKLR,52.94117647058823,1,9,17,RLRLGR-LLRGL--RLR,RL-L-RPLLQLLKQKLR
IRRLLLRRLLLRRI,RLLRRLLRRLLRLQKKGI,52.63157894736842,1,10,19,IR--RLLLRRLL-L--RRI,-RLLRRLLRRLLRLQKKGI
VRLRKLIVRLRKLI,RLLSLIRKLIT,53.333333333333336,1,8,15,VRLRKLIVRLRKLI-,-RLLSLI---RKLIT
GLRLRLRRLRLRLG,RLLRRLLRRLLRLQKKGI,55.0,2,11,20,-GL-RLRLRRLRLRL---G-,RLLRRL-LRRL-LRLQKKGI
VFKVRFRVFKVRFR,KKKVVFKVKFKKK,43.75,-2,7,16,VFKVRFRVFKVRF--R,KKKV---VFKVKFKKK
RVLVRRLLRRVLVR,APKAMRLLRRLLRRLLR,52.63157894736842,1,10,19,-----RVLVRRLLRRVLVR,APKAMR-LLRRLLRR-LLR
VRVRLVRVRVRLVR,RVVRPVVQVVKQKVR,47.05882352941177,-1,8,17,-VRVRLVRV-RV-RLVR,RV-VRPV-VQVVKQKVR
RLLKFFRRLLKFFR,RLLRPLLQLLKQKLR,46.666666666666664,-1,7,15,RLLKFFRRLLK-FFR,RLLRPLLQLLKQKLR
LRLRRLILRLRRLI,RLLRRLLRRLLRLQKKGI,55.0,2,11,20,-LRLRRLIL-RLRRL----I,RL-LRRL-LRRLLRLQKKGI
RLLRRFFRLLRRFF,RLLRRLLRRLLRLQKKGI,50.0,0,9,18,RLLRR-FFRLLR---RFF,RLLRRLLRRLLRLQKKGI
RLLLRKLLKRLLLR,RLLRPLLQLLKQKLR,58.8235294117647,3,10,17,RLLLRKLLKRLL---LR,R-LLRPLL-QLLKQKLR
KLFRFLRKLFRFLR,APKAMRLLRRLLRRLLR,47.05882352941177,-1,8,17,--KLFRFL-RKLFRFLR,APKAMRLLRRLLRRLLR
LLGRRLRLLGRRLR,APKAMRLLRRLLRRLLR,50.0,0,9,18,--LLGRRL-RLLGRR-LR,APKAMRLLRRLL-RRLLR
LGLLRRRLGLLRRR,VSRRRRRRGGRRRR,50.0,0,7,14,LGLLRRRLGLLRRR,VSRRRRRRGGRRRR
RVIRLRVVRLRIVR,RVVRQWPIGRVVRRVVRRVVRF,47.82608695652174,-1,11,23,R-V----I-R--LRVVRLRIVR-,RVVRQWPIGRVVRRVVR-RVVRF
TRVVRIRRIRVVRT,RVVRQWPIGRVVRRVVRRVVRF,47.82608695652174,-1,11,23,TRVVR---I----RR--IRVVRT,-RVVRQWPIGRVVRRVVRRVVRF
LRLLRRGLRLLRRG,RLLRRLLRRLLRLQKKGI,57.89473684210526,3,11,19,LRLLRRGL-RLLR---RG-,-RLLRRLLRRLLRLQKKGI
LRIVRLRRLRVIRL,RRIRPRPPRLPRPRPRP,44.44444444444444,-2,8,18,LRIVRLR--RL-R-VIRL,RRI-RPRPPRLPRPRPRP
LLVRRLKLLVRRLK,RLLRRLLRRLLRLQKKGI,47.61904761904762,-1,10,21,-LLVRRLKL--LVRRL--K--,RLL-RRL-LRRL-LRLQKKGI
KFRRLLLLLLRRFK,APKAMRLLRRLLRRLLR,47.05882352941177,-1,8,17,--KFRRLLLLLLRR-FK,APKAMRLLRRLLRRLLR
LRRGLKLLRRGLKL,FLYIVAKLLSGLL,46.666666666666664,-1,7,15,-LRRGLKLLRRGLKL,FLYIVAKLL-SGL-L
VRVRVIKKIVRVRV,KRKVKRIKKFLR,43.75,-2,7,16,VR-V-RVIKKIVRVRV,KRKVKR-IKK--FLR-
LLKFRLRLLKFRLR,RLLRPLLQLLKQKLR,53.333333333333336,1,8,15,-LLKFRLRLLKFRLR,RLLRPLLQLLKQKLR
LLRLGRRLLRLGRR,RLLRRLLRRLLRLQKKGI,57.89473684210526,3,11,19,-LL-RLGRRLLRL---GRR,RLLRRLLRRLLRLQKKG-I
FGRLFRLLRFLRGF,RLLRRLLRRLLRLQKKGI,45.0,-2,9,20,FGR-LFRLL-RFLR----GF,--RLLRRLLRRLLRLQKKGI
VLKRLRLLRLRKLV,APKAMRLLRRLLRRLLR,50.0,0,9,18,VLK--R-L-RLLRLRKLV,APKAMRLLRRLLR-RLLR
QRLLRRIIRRLLRQ,RLLRRLLRRLLRLQKKGI,57.89473684210526,3,11,19,QRLLRRIIRRLLR-Q----,-RLLRRLLRRLLRLQKKGI
RLLLRLRRLLLRLR,RLLRRLLRRLLRLQKKGI,57.89473684210526,3,11,19,RLLLR-LRRLLLRL----R,RLLRRLLRR-LLRLQKKGI
LRVIRLRRLRIVRL,RRIRPRPPRLPRPRPRP,44.44444444444444,-2,8,18,LRVIRLR--RL-R-IVRL,-RRIRPRPPRLPRPRPRP
LLRLRVRLLRLRVR,RLLRRLLRRLLRLQKKGI,52.63157894736842,1,10,19,-LL-R-LRVRLLRL--RVR,RLLRRLLR-RLLRLQKKGI
RLRFLRLLRLFRLR,RLLRPLLQLLKQKLR,52.94117647058823,1,9,17,RLRFLR-LL-RL-FRLR,RL--LRPLLQLLKQKLR
IRRLRLLLLRLRRI,RLLRRLLRRLLRLQKKGI,52.63157894736842,1,10,19,IRRL-RLL--LLRL--RRI,-RLLRRLLRRLLRLQKKGI
RFKLLRLLRLLKFR,RLLRPLLQLLKQKLR,58.8235294117647,3,10,17,RFKLLR-LLRLL--KFR,R--LLRPLLQLLKQKLR
TRRLLRLLRLLRRT,APKAMRLLRRLLRRLLR,52.63157894736842,1,10,19,---TRRLL-RLL-RLLRRT,APKAMRLLRRLLRRLL-R-
VLRLRKLVLRLRKL,RLLRRLLRRLLRLQKKGI,47.36842105263158,-1,9,19,-VL-R-LRKLVLRL-RK-L,RLLRRLLRRL-LRLQKKGI
RVVVIKRRVVVIKR,RVVRPVVQVVKQKVR,50.0,0,9,18,RVVVIKR-RV-VV-IK-R,R-VV--RPVVQVVKQKVR
RLRRLFLLFLRRLR,RLLRPLLQLLKQKLR,52.94117647058823,1,9,17,R-LRRLFL-LFL-RRLR,RLLRPL-LQL-LKQKLR
RLIRRLLRLIRRLL,APKAMRLLRRLLRRLLR,52.94117647058823,1,9,17,-RLIRRLL-RLIRRLL-,APKAMRLLRRLLRRLLR
RLLGRRLLRRGLLR,APKAMRLLRRLLRRLLR,63.1578947368421,5,12,19,-----RLLGRRLLRRGLLR,APKAMRLL-RRLLRR-LLR
VKVRVIRVKVRVIR,RVVRPVVQVVKQKVR,47.05882352941177,-1,8,17,-VKVR--VIRVKVRVIR,RV-VRPVVQVVKQKV-R
QLRRLKLLKLRRLQ,RLLRRLLRRLLRLQKKGI,47.36842105263158,-1,9,19,-QLRRLKLLKLRRLQ----,RLLRRL-LRRLLRLQKKGI
RVRLVKVVKVLRVR,RVVRPVVQVVKQKVR,56.25,2,9,16,R-VR-LVKVVKVLRVR,RVVRPVVQVVK-QKVR
LRRLRVILRRLRVI,RLLRRLLRRLLRLQKKGI,47.36842105263158,-1,9,19,--LRR-LRVILRRL--RVI,RLLRRLLR-RLLRLQKKGI
RRVLRLLRRVLRLL,APKAMRLLRRLLRRLLR,52.94117647058823,1,9,17,-RRVLRLLRRVL-RLL-,APKAMRLLRRLLRRLLR
QVRVRKVVKRVRVQ,RVVRPVVQVVKQKVR,47.05882352941177,-1,8,17,-QVR-VRKVVK-RVRVQ,RVVRPVVQVVKQKVR--
LRILRRLLRRLIRL,RLLRRLLRRLLRLQKKGI,57.89473684210526,3,11,19,LRILRRLLRRLIRL-----,-RLLRRLLRRLLRLQKKGI
KLLLRRFFRRLLLK,RLLRRLLRRLLRLQKKGI,52.63157894736842,1,10,19,KLLLRRFFRRLL-L--K--,-RLLRRLLRRLLRLQKKGI
RKLLRLGRKLLRLG,RLLRRLLRRLLRLQKKGI,57.89473684210526,3,11,19,RKLL-RLGRKLLRL---G-,R-LLRRLLRRLLRLQKKGI
LRRFLRLLRRFLRL,APKAMRLLRRLLRRLLR,50.0,0,9,18,---LRRFL-RLLRRFLRL,APKAMRLLRRLLRRLLR-
LLKRLLRRLLRKLL,APKAMRLLRRLLRRLLR,64.70588235294117,5,11,17,LLK--RLLRRLLRKLL-,APKAMRLLRRLLRRLLR
LRRLLRVVRLLRRL,APKAMRLLRRLLRRLLR,52.63157894736842,1,10,19,---LRRLLRVVRLLRR-L-,APKAMRLLR--RLLRRLLR
RRLLIRVRRLLIRV,APKAMRLLRRLLRRLLR,47.36842105263158,-1,9,19,----RRLLIR-VRRLLIRV,APKAMRLLRRLLRRLL-R-
LVRRLLRRLLRRVL,APKAMRLLRRLLRRLLR,58.8235294117647,3,10,17,--LVRRLLRRLLRRVL-,APKAMRLLRRLLRRLLR
RLRVKLLLLKVRLR,RLLRPLLQLLKQKLR,62.5,4,10,16,R-LRVKLL-LLKVRLR,RLLR-PLLQLLKQKLR
RLLVVRRRLLVVRR,RAGLQFPVGRLLRRLLRRLLR,45.45454545454545,-2,10,22,R--L--LVVR--RRLLVVR--R,RAGLQFPVGRLLRRLL-RRLLR
FRRLLLRFRRLLLR,APKAMRLLRRLLRRLLR,50.0,0,9,18,---FRRLLLR-FRRLLLR,APKAMRLLRRLLRR-LLR
RFLRRLFFLRRLFR,APKAMRLLRRLLRRLLR,52.63157894736842,1,10,19,-----RFLRRLFFLRRLFR,APKAMRLLRRL--LRRLLR
VRIRVVKKVVRIRV,RVVRQWPIGRVVRRVVRRVVRF,47.82608695652174,-1,11,23,--VR---I-RVVKKVVRIR-V--,RVVRQWPIGRVVRRVVR-RVVRF
LRLLRRLLRLLRRL,RLLRRLLRRLLRLQKKGI,60.0,4,12,20,LRLLRRLL-RLLRRL-----,-RLLRRLLRRLL-RLQKKGI
RRFLKLLRRFLKLL,RLLSLIRKLIT,43.75,-2,7,16,RRFLKL-LRRFLKL-L,-R-L-LSLIR--KLIT
LVRRLLKKLLRRVL,RAGLQFPVGRLLRRLLRRLLR,47.61904761904762,-1,10,21,---L---VRRLLKKLLRRVL-,RAGLQFPVGRLLRRLLRRLLR
QVVRKRVVRKRVVQ,RVVRPVVQVVKQKVR,46.666666666666664,-1,7,15,QVVRKRV-VRKRVVQ,RVVRPVVQVVKQKVR
LRLGKRLLRLGKRL,RLLRRLLRRLLRLQKKGI,50.0,0,9,18,--L-RLGKRLLRL-GKRL,RLLRRLLRRLLRLQKKGI
RVKVRVLRVKVRVL,RVVRPVVQVVKQKVR,50.0,0,8,16,RVKVR--VLRVKVRVL,RV-VRPVVQVVKQKVR
LRRVLRLLRLVRRL,RLLRRLLRRLLRLQKKGI,50.0,0,9,18,--LRRVL-RLLRL-VRRL,RLLRRLLRRLLRLQKKGI
LRRLLRLLRRLLRL,APKAMRLLRRLLRRLLR,61.111111111111114,4,11,18,---LRRLL-RLLRRLLRL,APKAMRLLRRLLRRLLR-
LLRRRLILLRRRLI,RLLRRLLRRLLRLQKKGI,52.38095238095238,1,11,21,-LLRRRLILLRR--RL----I,RLL-RR--LLRRLLRLQKKGI
LRLLKVRLRLLKVR,RLLRPLLQLLKQKLR,50.0,0,8,16,LRLLKVRLRLL--KVR,-RLLRPLLQLLKQKLR
RVRIVRVRVRIVRV,RVVRQWPIGRVVRRVVRRVVRF,50.0,0,11,22,R-VR---IVR-V-R-V-RIVRV,RVVRQWPIGRVVRRVVRRVVRF
RFRFLRLLRLFRFR,RLLRRLLRRLLRLQKKGI,44.44444444444444,-2,8,18,R--FRFL-RLLRL-FRFR,RLLRRLLRRLLRLQKKGI
TLRRRLVVLRRRLT,RLLRRLLRRLLRLQKKGI,45.0,-2,9,20,TLRRRLVVLRR--RL----T,RLLRRL--LRRLLRLQKKGI
LRIRIVRLRIRIVR,RRIRPRPPRLPRPRPRP,44.44444444444444,-2,8,18,LRI--RIVRL-RIRIVR-,RRIRPRPPRLPRPR-PRP
LRKLRLLLRKLRLL,APKAMRLLRRLLRRLLR,52.94117647058823,1,9,17,LRK-LRLLLRKL-RLL-,APKAMRLLRRLLRRLLR
FLRLLRRRRLLRLF,RLLRRLLRRLLRLQKKGI,55.0,2,11,20,FLRLLRR--RRLLRL----F,--RLLRRLLRRLLRLQKKGI
RIVRLRVVRLRVIR,RVVRQWPIGRVVRRVVRRVVRF,45.45454545454545,-2,10,22,RIVR----LRVV-R--LRVIR-,RVVRQWPIGRVVRRVVRRVVRF
RLLRRLLRLLRRLL,RLLRRLLRRLLRLQKKGI,63.1578947368421,5,12,19,RLLRRLL-RLLRRL----L,RLLRRLLRRLL-RLQKKGI
VLRRLRIIRLRRLV,VSRRRRRRGGRRRR,46.666666666666664,-1,7,15,VLRRLRIIR-LRRLV,VSRR-RRRRGGRRRR
VRRILRVVRLIRRV,RVVRQWPIGRVVRRVVRRVVRF,45.45454545454545,-2,10,22,--VR--RILRVV-RLIRR-V--,RVVRQWPIGRVVRRVVRRVVRF
QVRKVRVVRVKRVQ,RVVRPVVQVVKQKVR,47.05882352941177,-1,8,17,QVRKVR-VV-RVK-RVQ,--RVVRPVVQVVKQKVR
LRGFRRLLRRFGRL,RLLRRLLRRLLRLQKKGI,47.36842105263158,-1,9,19,LRGFRRLLRRFGRL-----,-RLLRRLLRRLLRLQKKGI
LLKGFRRLLKGFRR,RLLRPLLQLLKQKLR,40.0,-3,6,15,-LLKGFRRLLKGFRR,RLLRPLLQLLKQKLR
RLRLLRFFRLLRLR,RLLRRLLRRLLRLQKKGI,55.0,2,11,20,R-L-RLLRFFRLLRL----R,RLLRRLLR--RLLRLQKKGI
VRVKIRVVRVKIRV,RVVRPVVQVVKQKVR,47.05882352941177,-1,8,17,VRVKIR-VV-RVKIRV-,-RV-VRPVVQVVKQKVR
RVRLRLLRVRLRLL,APKAMRLLRRLLRRLLR,50.0,0,9,18,-RVRLRLLRVR-L-RLL-,APKAMRLLR-RLLRRLLR
LKRLRLLLLRLRKL,PKAMRLLRRLLRLQKKG,52.94117647058823,1,9,17,LKRLRLL--LLRL-RKL,PKAMRLLRRLLRLQKKG
RVRILRVVRLIRVR,RVVRQWPIGRVVRRVVRRVVRF,50.0,0,11,22,R-VR---ILRVV-R-LIR-VR-,RVVRQWPIGRVVRRVVRRVVRF
RLRVLRVVRLVRLR,RLLRRLLRRLLRLQKKGI,45.0,-2,9,20,R-L-RVLRVVRLVRL----R,RLLRRLLR--RLLRLQKKGI
RGRLLLRRLLLRGR,RLLRRLLRRLLRLQKKGI,55.55555555555556,2,10,18,R-GRLLLRRLL-L--RGR,RLLRRLLRRLLRLQKKGI
FLRRFLRRLFRRLF,RLLRRLLRRLLRLQKKGI,47.36842105263158,-1,9,19,-FLRRFLRRLFRRL----F,RLLRRLLRRL-LRLQKKGI
RLFLRLRRLFLRLR,RLLRRLLRRLLRLQKKGI,55.0,2,11,20,RLFL-R-LRRLFLRL----R,RL-LRRLLRRL-LRLQKKGI
VRVRLRIVRVRLRI,VSRRRRRRGGRRRR,43.75,-2,7,16,V-RVRLRIVR-VRLRI,VSR-R-RRRRGGRRRR
RVKLRLLRVKLRLL,APKAMRLLRRLLRRLLR,52.94117647058823,1,9,17,RVK-LRLLRVKL-RLL-,APKAMRLLRRLLRRLLR
LRLLRRVVRRLLRL,RLLRRLLRRLLRLQKKGI,57.89473684210526,3,11,19,LRLLRRVVRRLLRL-----,-RLLRRLLRRLLRLQKKGI
RRLLFRFFRFLLRR,APKAMRLLRRLLRRLLR,44.44444444444444,-2,8,18,----RRLLFRFFRFLLRR,APKAMRLLRRLLRRLL-R
LLRRLRLLRLRRLL,RLLRRLLRRLLRLQKKGI,55.55555555555556,2,10,18,-LLRR-L-RLLRL-RRLL,RLLRRLLRRLLRLQKKGI
LRGLFRRLRGLFRR,RAGLQFPVGRLLRRLLRRLLR,45.45454545454545,-2,10,22,LR-GL-F---RRL-RGLFR--R,-RAGLQFPVGRLLRRLLRRLLR
FLRLRFRFLRLRFR,APKAMRLLRRLLRRLLR,42.10526315789474,-3,8,19,---FLR-LRFRFL-RLRFR,APKAMRLLR-RLLRRL-LR
RLLLLKRRLLLLKR,RLLRRLLRRLLRLQKKGI,57.89473684210526,3,11,19,RLL--LLKRRLL-L-LK-R,RLLRRLL-RRLLRLQKKGI
VLRRVRIVLRRVRI,VSRRRRRRGGRRRR,46.666666666666664,-1,7,15,V-LRRVRIVLRRVRI,VSRRRRRRGGRR-RR
LLRKIRVVRIKRLL,KRIVKRIKAFLR,46.666666666666664,-1,7,15,LLRKIRVVRIK-RLL,-KR-I-VKRIKAFLR
RLVRIRVVRIRVLR,RVVRQWPIGRVVRRVVRRVVRF,50.0,0,11,22,RLVR---I-RVV-R--IRVLR-,RVVRQWPIGRVVRRVVRRVVRF
RVIVVKRRVIVVKR,RVVRPVVQVVKQKVR,50.0,0,9,18,RVIVVKR-RVIVV--K-R,R--VV-RPVVQVVKQKVR
VFRRFLRRLFRRFV,VSRRRRRRGGRRRR,50.0,0,7,14,VFRRFLRRLFRRFV,VSRRRRRRGGRRRR
RGLLRFFRGLLRFF,RLLRRLLRRLLRLQKKGI,42.10526315789474,-3,8,19,RGLL-RFFRGLLR----FF,R-LLRRLLRRLLRLQKKGI
LVLRRIKLVLRRIK,LLWIALRKK,42.857142857142854,-2,6,14,LVLRRIKLVLRRIK,L-L-WI--AL-RKK
LLRRVLRRLVRRLL,APKAMRLLRRLLRRLLR,52.94117647058823,1,9,17,--LLRRVLRRLVRRLL-,APKAMRLLRRLLRRLLR
TRLRLLRRLLRLRT,RLLRRLLRRLLRLQKKGI,57.89473684210526,3,11,19,TR-L-RLLRRLLRL---RT,-RLLRRLLRRLLRLQKKGI
LRLLRVKLRLLRVK,RLLRRLLRRLLRLQKKGI,52.63157894736842,1,10,19,LRLLRVKL-RLLR--VK--,-RLLRRLLRRLLRLQKKGI
RIRILRVVRLIRIR,RRIRPRPPRLPRPRPRP,44.44444444444444,-2,8,18,-RIRILRVVRL--IRIR-,RRIR-PRPPRLPRPRPRP
FKRLRLLLLRLRKF,PKAMRLLRRLLRLQKKG,52.94117647058823,1,9,17,FKRLRLL--LLRL-RKF,PKAMRLLRRLLRLQKKG
LRKLRLLLLRLKRL,RLLRPLLQLLKQKLR,52.94117647058823,1,9,17,LRKLR-LL-LLRLK-RL,-RLLRPLLQLLKQKLR-
LRRRLGLLRRRLGL,RLLRRLLRRLLRLQKKGI,50.0,0,10,20,-LRRRLGLLRR--RL---GL,RLLRR--LLRRLLRLQKKGI
FRLLRRLLRRLLRF,APKAMRLLRRLLRRLLR,66.66666666666667,6,12,18,----FRLLRRLLRRLLRF,APKAMRLLRRLLRRLLR-
FRRLLRLFRRLLRL,APKAMRLLRRLLRRLLR,55.55555555555556,2,10,18,---FRRLL-RLFRRLLRL,APKAMRLLRRLLRRLLR-
FGRRLLRRLLRRGF,RLLRRLLRRLLRLQKKGI,55.55555555555556,2,10,18,-FGRRLLRRLLR---RGF,RLLRRLLRRLLRLQKKGI
VKRLRLVVLRLRKV,PKAMRLLRRLLRLQKKG,47.36842105263158,-1,9,19,VK--R-L-RLVVLRL-RKV,PKAMRLLRRL--LRLQKKG
FRFLLKRFRFLLKR,RLLRPLLQLLKQKLR,44.44444444444444,-2,8,18,FRFLLKR-FRFLL--K-R,-R-LL-RPLLQLLKQKLR
FKFGRFRRFRGFKF,KKVVFKFKFK,35.714285714285715,-4,5,14,FKFGRFRRFRGFKF,-KKVVF-KF-KFK-
LRLRRVVLRLRRVV,RVVRQWPIGRVVRRVVRRVVRF,43.47826086956522,-3,10,23,LR-LR-----RVVLR-LRRVV--,-RVVRQWPIGRVVRRVVRRVVRF
LLRLFRRLLRLFRR,RLLRRLLRRLLRLQKKGI,55.55555555555556,2,10,18,-LL-RLFRRLLRL--FRR,RLLRRLLRRLLRLQKKGI
LIRRLRLLRLRRIL,RLLRRLLRRLLRLQKKGI,52.63157894736842,1,10,19,-LIRR-L-RLLRL--RRIL,RLLRRLLRRLLRLQKKGI-
RLRRVILRLRRVIL,RLLRRLLRRLLRLQKKGI,45.0,-2,9,20,R-LRRVIL-R-LR---RVIL,RLLRR-LLRRLLRLQKKGI-
LRLKVVRLRLKVVR,KRKVKRIKKFLR,42.857142857142854,-2,6,14,LRLKVVRLRLKVVR,KR-KVKR-IKKFLR
FGKLLRRFGKLLRR,FFPIVGKLLFGLFGLL,47.36842105263158,-1,9,19,-F---GKLL-RRFGKLLRR,FFPIVGKLLFGLFG-LL--
LRKVLRLLRLVKRL,RLLRRLLRRLLRLQKKGI,50.0,0,9,18,--LRKVL-RLLRL-VKRL,RLLRRLLRRLLRLQKKGI
VRKLRLVVRKLRLV,RLLSLIRKLIT,42.857142857142854,-2,6,14,VRKLRLVVRKLRLV,-RLLSL-IRKL-IT
LLRFRIRLLRFRIR,RLLRRLLRRLLRLQKKGI,45.0,-2,9,20,-LLRFR--IRLLR---FRIR,RLLR-RLLRRLLRLQKKGI-
LRKLLLRRLLLKRL,RLLRRLLRRLLRLQKKGI,52.63157894736842,1,10,19,--LRKLLLRRLL-L--KRL,RLLR-RLLRRLLRLQKKGI
GLRLLRRRRLLRLG,RLLRRLLRRLLRLQKKGI,60.0,4,12,20,GLRLLRR--RRLLRL---G-,--RLLRRLLRRLLRLQKKGI
IRVRLVRIRVRLVR,RVVRPVVQVVKQKVR,43.75,-2,7,16,IR-VRLVRIRV-RLVR,-RVVRPVVQVVKQKVR
LLKLRRLLLKLRRL,APKAMRLLRRLLRRLLR,50.0,0,9,18,LLKLRRLL--LKLRR-L-,APKAMRLLRRL-LRRLLR
RVVLRRVVRRLVVR,RVVRPVVQVVKQKVR,52.94117647058823,1,9,17,RVVLRRVVRRLV---VR,RVV-RPVV-QVVKQKVR
ILRRRLLILRRRLL,APKAMRLLRRLLRRLLR,47.05882352941177,-1,8,17,-ILRRRLL-ILRRRLL-,APKAMRLLRRLLRRLLR
IRRLVRVIRRLVRV,RVVRQWPIGRVVRRVVRRVVRF,40.90909090909091,-4,9,22,-------IRRLV-RVIRRLVRV,RVVRQWPIGRVVRRVVRRVVRF
VRVRVVKKVVRVRV,RVVRPVVQVVKQKVR,50.0,0,9,18,-VRVR-VVKKVV--RVRV,RV-VRPVV-QVVKQKVR-
LRLFRLRRLRFLRL,RAGLQFPVGRLLRRLLRRLLR,47.82608695652174,-1,11,23,LR--L-F---R-LRR-L-RFLRL,-RAGLQFPVGRLLRRLLRRLLR-
LRRRLLILRRRLLI,RLLRRLLRRLLRLQKKGI,50.0,0,10,20,-LRRRLLILRR--RL---LI,RLLRR-L-LRRLLRLQKKGI
LLRLKRVLLRLKRV,RLLRRLLRRLLRLQKKGI,55.55555555555556,2,10,18,-LL-RLKRVLLRL--KRV,RLLRRLLRRLLRLQKKGI
LRRLRLFLRRLRLF,RLLRRLLRRLLRLQKKGI,50.0,0,10,20,-LRRLRLFLRR-LRL----F,RLLR-RL-LRRLLRLQKKGI
