stage,model,rows,metrics.precision,metrics.recall,metrics.f1,metrics.r2,metrics.mae,metrics.mse,metrics.rmse,metrics.spearman
classification,KNeighbors,393,0.8439646317146368,0.8778625954198473,0.8472411743018415,,,,,
classification,SVC,393,0.8768234011161716,0.8473282442748091,0.8590463012388987,,,,,
classification,XGBoost,393,0.8474143871925361,0.8804071246819338,0.8426927589762583,,,,,
classification,DecisionTree,393,0.8300447332695347,0.8269720101781171,0.8284861077397407,,,,,
classification,GaussianNB,393,0.0149175455975759,0.1221374045801526,0.0265877343303733,,,,,
classification,LogisticRegression,393,0.8476235892071886,0.8269720101781171,0.8361911723039146,,,,,
classification,LGBMClassifier,393,0.8687729276791739,0.8651399491094147,0.8668888289542311,,,,,
ranking,KNeighbors,81271,0.8408615342099569,0.8382817979353029,0.839298974053913,,,,,
ranking,XGBoost,81271,0.9956203665389028,0.9956195937050116,0.995619160391754,,,,,
ranking,DecisionTree,81271,0.8656490679689168,0.864625758265556,0.8645497971331046,,,,,
ranking,GaussianNB,81271,0.69097471637592,0.6274193746846969,0.6111267349469478,,,,,
ranking,LogisticRegression,81271,0.9951171950730988,0.995115108710364,0.9951145805787772,,,,,
ranking,LGBMClassifier,81271,0.9960176021132814,0.9960010335790134,0.9960024995915012,,,,,
regression,RandomForestReg,374,,,,0.4246962709863277,1.5180553779476802,3.625450745700392,1.9040616444066067,0.6647272679269782
regression,GradientBoost,374,,,,0.3651709020052935,1.6289373465742512,4.000567892481918,2.0001419680817456,0.6244275866712683
regression,ElasticNet,374,,,,0.1032787494112013,1.8414424566050656,5.650960636403743,2.37717492759867,0.5113581369288208
regression,LGBMRegressor,374,,,,0.5789692189671287,1.2587824045877851,2.6532530245813257,1.6288809117247725,0.7275961746241647
regression,DecisionTree,374,,,,-0.2700829420249788,2.0486426933846182,8.003812450790452,2.829100996922954,0.3729034931322162
regression,Ridge,374,,,,-0.2859110677260728,2.099170708602093,8.103558180275732,2.8466749340723347,0.4920980307151915
