amino_acid,positive_reference_percent,top400_percent
A,8.049753578972073,0.03571428571428571
C,5.022295235860127,0.0
D,1.4081201595869515,0.0
E,1.3142454822811547,0.0
F,4.670265195963389,4.142857142857143
G,10.42008918094344,3.2857142857142856
H,2.1825862473597746,0.0
I,7.83853555503403,3.5
K,13.189392161464445,6.357142857142857
L,12.18023938042713,33.142857142857146
M,1.3142454822811547,0.0
N,2.346866932644919,0.0
P,3.238676367049988,0.0
Q,1.3377141516076039,0.6428571428571429
R,7.2518188218728,36.107142857142854
S,4.247829148087304,0.0
T,3.5203003989673785,0.25
V,7.345693499178597,12.535714285714286
W,1.619338183524994,0.0
Y,1.5019948368927483,0.0
