regression_rank,rank_position,candidate_id,sequence,seed,mode,seed_index,seed_charge_ph7,seed_motif_count,charge_ph7,hydrophobicity,motif_count,active_probability,predicted_active_label,rank_score,rank_comparisons,pred_log2_mic,pred_mic_um,cluster_id,selection_roles,selected_for_panel
1,768,cand_00594512,GLLRRLKGLLRRLK,GLLRRLK,repeat,350357788,2.989786557468041,,5.989464105135091,0.2714285714285715,13,0.8013705,1,1561,7633,2.0222268,4.062103,4,cluster_regression_best,True
2,131,cand_01843345,RLRRLGLLGLRRLR,RLRRLGL,mirror,927155709,2.9900995229980105,,5.9900900361950296,0.3571428571428571,13,0.6991421,1,2110,7529,2.0321538,4.0901504,1,cluster_regression_best,True
3,865,cand_01088760,KRKLGLLLLGLKRK,KRKLGLL,mirror,558154189,2.989473591938072,,5.988838174075152,0.1857142857142857,13,0.62482923,1,1523,7646,2.1762013,4.5196195,4,,False
4,660,cand_02250977,VVRKIVRVVRKIVR,VVRKIVR,repeat,1144707154,2.989786557468041,,5.989464105135091,-0.5999999999999999,13,0.81978846,1,1602,7675,2.2153373,4.6439013,5,cluster_regression_best,True
5,427,cand_02241678,VRVVRVRVRVVRVR,VRVVRVR,repeat,1135661954,2.9900995229980105,,5.9900900361950296,-0.4714285714285715,13,0.6297329,1,1747,7544,2.2262447,4.6791444,5,cluster_boundary,True
6,991,cand_01838046,RLLLGLRRLLLGLR,RLLLGLR,repeat,926314194,1.9901026852656707,,3.9900963607303503,-0.8285714285714284,13,0.6224411,1,1484,7593,2.2576272,4.7820435,1,,False
7,626,cand_00817774,IKRVVRVVRVVRKI,IKRVVRV,mirror,475983097,2.989786557468041,,5.989464105135091,-0.6,13,0.64617765,1,1620,7557,2.274485,4.838249,6,cluster_regression_best,True
8,812,cand_02251204,VVRKVIRVVRKVIR,VVRKVIR,repeat,1144710954,2.989786557468041,,5.989464105135091,-0.5999999999999999,13,0.7539654,1,1542,7588,2.2823737,4.864777,5,,False
9,749,cand_01842647,RLRLGLRRLGLRLR,RLRLGLR,mirror,927114194,2.9900995229980105,,5.9900900361950296,0.3571428571428572,13,0.6866654,1,1566,7632,2.2995863,4.923166,1,,False
10,208,cand_01807344,RKLLGLRRLGLLKR,RKLLGLR,mirror,923114194,2.989786557468041,,5.989464105135091,0.2714285714285714,13,0.71637595,1,1994,7505,2.319874,4.992886,1,,False
11,600,cand_01093053,KRLLRLGKRLLRLG,KRLLRLG,repeat,558317785,2.989786557468041,,5.989464105135092,0.2714285714285715,13,0.6709466,1,1636,7652,2.3374832,5.0542016,4,,False
12,37,cand_01838743,RLLRLLKKLLRLLR,RLLRLLK,mirror,926355788,2.989786557468041,,5.989464105135092,-0.3285714285714284,13,0.6921641,1,2412,7528,2.3559568,5.119336,1,,False
13,806,cand_02210727,VLRVVRRVLRVVRR,VLRVVRR,repeat,1119183094,2.9900995229980105,,5.9900900361950296,-0.4142857142857143,13,0.7668009,1,1544,7522,2.3576405,5.125314,5,,False
14,306,cand_01063695,KLRRLLLLLLRRLK,KLRRLLL,mirror,543155789,2.989786557468041,,5.989464105135091,-0.3285714285714285,13,0.6405697,1,1871,7681,2.379102,5.2021284,4,,False
15,890,cand_01911474,RVVRLVRRVVRLVR,RVVRLVR,repeat,953235954,2.9900995229980105,,5.9900900361950296,-0.4142857142857143,13,0.68660486,1,1515,7698,2.3801024,5.205737,1,,False
16,983,cand_01838045,RLLLGLRRLGLLLR,RLLLGLR,mirror,926314194,1.9901026852656707,,3.9900963607303503,-0.8285714285714286,13,0.6613143,1,1486,7546,2.381304,5.2100744,1,,False
17,712,cand_01826828,RLGLRLRRLRLGLR,RLGLRLR,mirror,925677794,2.9900995229980105,,5.9900900361950296,0.3571428571428572,13,0.681436,1,1583,7563,2.3821661,5.213189,1,,False
18,655,cand_01001404,KIRVVRVVRVVRIK,KIRVVRV,mirror,536783097,2.989786557468041,,5.989464105135091,-0.6,13,0.6404537,1,1607,7516,2.4249496,5.3701024,4,,False
19,493,cand_02233078,VRLLRIKVRLLRIK,VRLLRIK,repeat,1134317748,2.989786557468041,,5.989464105135091,-0.4857142857142856,13,0.6223667,1,1691,7483,2.4713461,5.54561,5,,False
20,566,cand_01063223,KLRLLRVVRLLRLK,KLRLLRV,mirror,543115897,2.989786557468041,,5.989464105135091,-0.3857142857142857,13,0.72330266,1,1651,7694,2.4875824,5.6083736,4,,False
21,230,cand_00965249,KGLLRRLLRRLLGK,KGLLRRL,mirror,529517889,2.989786557468041,,5.989464105135091,0.2714285714285714,13,0.6642225,1,1960,7501,2.4876208,5.608523,4,,False
22,409,cand_02206515,VLKRLLRRLLRKLV,VLKRLLR,mirror,1118195794,2.989786557468041,,5.989464105135091,-0.3857142857142856,13,0.76199293,1,1761,7614,2.501209,5.661597,5,,False
23,521,cand_01125104,KVRIVRVVRVIRVK,KVRIVRV,mirror,568703097,2.989786557468041,,5.989464105135091,-0.6,13,0.70374084,1,1674,7551,2.5065658,5.6826577,4,,False
24,294,cand_01741281,RGLLRLRRGLLRLR,RGLLRLR,repeat,913517794,2.9900995229980105,,5.9900900361950296,0.3571428571428572,13,0.8018237,1,1882,7659,2.5075834,5.6866674,1,,False
25,128,cand_01741935,RGLRLLRRLLRLGR,RGLRLLR,mirror,913555794,2.9900995229980105,,5.9900900361950296,0.3571428571428572,13,0.67283,1,2119,7638,2.514862,5.7154303,1,,False
26,152,cand_01059273,KLLRLLRRLLRLLK,KLLRLLR,mirror,542355794,2.989786557468041,,5.989464105135091,-0.3285714285714284,13,0.68912643,1,2068,7726,2.5275288,5.765832,4,,False
27,380,cand_01876225,RRRLLGLLGLLRRR,RRRLLGL,mirror,943115709,2.9900995229980105,,5.9900900361950296,0.3571428571428571,13,0.6976533,1,1778,7638,2.5322022,5.78454,1,,False
28,315,cand_01873554,RRLRGLLRRLRGLL,RRLRGLL,repeat,942354189,2.9900995229980105,,5.9900900361950296,0.3571428571428572,13,0.745501,1,1852,7644,2.5525467,5.8666897,7,cluster_regression_best,True
29,896,cand_01122169,KVLRRLLKVLRRLL,KVLRRLL,repeat,567957789,2.989786557468041,,5.989464105135092,-0.3857142857142857,13,0.77120095,1,1512,7728,2.5588508,5.892381,4,,False
30,662,cand_02210333,VLRRLLKKLLRRLV,VLRRLLK,mirror,1119155788,2.989786557468041,,5.989464105135092,-0.3857142857142857,13,0.6279075,1,1602,7841,2.571543,5.9444485,5,,False
31,580,cand_01873673,RRLRLGLLGLRLRR,RRLRLGL,mirror,942355709,2.9900995229980105,,5.9900900361950296,0.3571428571428571,13,0.6965411,1,1644,7626,2.572636,5.9489536,1,,False
32,841,cand_01003810,KIVRVRVVRVRVIK,KIVRVRV,mirror,537239097,2.989786557468041,,5.989464105135091,-0.6,13,0.6406919,1,1532,7666,2.572698,5.94921,4,,False
33,480,cand_01872976,RRLLGLRRRLLGLR,RRLLGLR,repeat,942314194,2.9900995229980105,,5.9900900361950296,0.3571428571428572,13,0.6307443,1,1704,7553,2.5782692,5.972228,1,,False
34,846,cand_01220353,LKRVVRVLKRVVRV,LKRVVRV,repeat,603983097,2.989786557468041,,5.989464105135092,-0.5000000000000001,13,0.7501484,1,1530,7834,2.5838904,5.995543,3,cluster_regression_best,True
35,583,cand_01807254,RKLLFRLLRFLLKR,RKLLFRL,mirror,923113889,2.989786557468041,,5.989464105135091,-0.1857142857142855,13,0.6341471,1,1643,7569,2.586648,6.007014,1,,False
36,926,cand_02184592,VKIRVVRRVVRIKV,VKIRVVR,mirror,1114839154,2.989786557468041,,5.989464105135091,-0.6000000000000002,13,0.80394506,1,1499,7568,2.5872674,6.0095935,5,,False
37,992,cand_01903874,RVLRVVKKVVRLVR,RVLRVVK,mirror,951959148,2.989786557468041,,5.989464105135092,-0.5,13,0.738769,1,1483,7480,2.6019254,6.070963,1,,False
38,565,cand_01066896,KLVRRLLLLRRVLK,KLVRRLL,mirror,543637789,2.989786557468041,,5.989464105135091,-0.3857142857142857,13,0.78185964,1,1651,7827,2.6036954,6.078416,4,cluster_center,True
39,623,cand_01835195,RLKRLLGRLKRLLG,RLKRLLG,repeat,926195785,2.989786557468041,,5.989464105135091,0.2714285714285716,13,0.80266273,1,1621,7620,2.6059256,6.0878196,7,,False
40,433,cand_01175581,LGLRRLLLGLRRLL,LGLRRLL,repeat,593557789,1.9901026852656707,,3.9900963607303503,-0.8285714285714285,13,0.63618594,1,1744,7542,2.6102583,6.10613,2,cluster_regression_best,True
41,800,cand_01223177,LKVVVRRLKVVVRR,LKVVVRR,repeat,604463094,2.989786557468041,,5.989464105135092,-0.5,13,0.7503858,1,1545,7477,2.6146786,6.1248674,2,,False
42,417,cand_02199033,VKVRIVRVKVRIVR,VKVRIVR,repeat,1116435154,2.989786557468041,,5.989464105135092,-0.5999999999999999,13,0.771837,1,1756,7695,2.623124,6.160826,5,,False
43,913,cand_01091423,KRLGRLLKRLGRLL,KRLGRLL,repeat,558285789,2.989786557468041,,5.989464105135092,0.2714285714285716,13,0.6757331,1,1503,7638,2.6268334,6.1766877,4,,False
44,405,cand_01871503,RRLGLRLRRLGLRL,RRLGLRL,repeat,942283889,2.9900995229980105,,5.9900900361950296,0.3571428571428572,13,0.7411395,1,1763,7537,2.6275418,6.1797214,7,,False
45,590,cand_01175105,LGLLRRFLGLLRRF,LGLLRRF,repeat,593517884,1.9901026852656707,,3.9900963607303503,-0.6857142857142858,13,0.6338243,1,1641,7745,2.6314087,6.196307,2,,False
46,544,cand_02184593,VKIRVVRVKIRVVR,VKIRVVR,repeat,1114839154,2.989786557468041,,5.989464105135092,-0.6000000000000002,13,0.77739143,1,1664,7764,2.633491,6.2052574,5,,False
47,674,cand_02067342,TKRLLLRRLLLRKT,TKRLLLR,mirror,1051915794,2.989786557468041,,5.989464105135091,0.3142857142857143,11,0.6995551,1,1597,7690,2.6349635,6.211594,6,,False
48,687,cand_01838128,RLLLKLRRLLLKLR,RLLLKLR,repeat,926315394,2.989786557468041,,5.989464105135091,-0.3285714285714284,13,0.64406174,1,1593,7676,2.64174,6.2408395,1,,False
49,224,cand_02231532,VRLFRRLLRRFLRV,VRLFRRL,mirror,1134277889,2.9900995229980105,,5.9900900361950296,-0.157142857142857,13,0.64627504,1,1965,7611,2.6456237,6.257662,5,,False
50,634,cand_01790676,RKFLRGLLGRLFKR,RKFLRGL,mirror,922317709,2.989786557468041,,5.989464105135091,0.4142857142857145,13,0.7649585,1,1615,7697,2.6475968,6.2662263,1,,False
51,76,cand_01175583,LGLRRLRLGLRRLR,LGLRRLR,repeat,593557794,2.9900995229980105,,5.9900900361950296,0.3571428571428572,13,0.68968207,1,2244,7685,2.6485994,6.270582,2,,False
52,250,cand_01834712,RLKLLLRRLLLKLR,RLKLLLR,mirror,926155794,2.989786557468041,,5.989464105135091,-0.3285714285714284,13,0.6355315,1,1947,7561,2.6507125,6.279773,1,,False
53,745,cand_01835198,RLKRLLLLLLRKLR,RLKRLLL,mirror,926195789,2.989786557468041,,5.989464105135091,-0.3285714285714284,13,0.63786644,1,1568,7682,2.6587427,6.3148246,1,,False
54,288,cand_01234737,LLRRLGRLLRRLGR,LLRRLGR,repeat,607155714,2.9900995229980105,,5.9900900361950296,0.3571428571428572,13,0.7365978,1,1891,7638,2.6646485,6.3407283,2,,False
55,620,cand_01246832,LRGLKRLLRGLKRL,LRGLKRL,repeat,621675489,2.989786557468041,,5.989464105135091,0.2714285714285715,13,0.757026,1,1624,7668,2.670986,6.368643,2,,False
56,301,cand_01059068,KLLRGLRRLGRLLK,KLLRGLR,mirror,542354194,2.989786557468041,,5.989464105135091,0.2714285714285714,13,0.75084966,1,1872,7651,2.677216,6.3962045,4,,False
57,677,cand_01903875,RVLRVVKRVLRVVK,RVLRVVK,repeat,951959148,2.989786557468041,,5.989464105135091,-0.5,13,0.75035465,1,1596,7483,2.6791162,6.4046345,4,,False
58,867,cand_00870083,IVRKVVRRVVKRVI,IVRKVVR,mirror,504711154,2.989786557468041,,5.989464105135091,-0.5999999999999999,13,0.67427385,1,1522,7585,2.6791348,6.404717,6,,False
59,139,cand_01836571,RLLFRRLLRRFLLR,RLLFRRL,mirror,926277889,2.9900995229980105,,5.9900900361950296,-0.0999999999999999,13,0.6328185,1,2093,7544,2.6821322,6.4180374,1,,False
60,884,cand_01870637,RRLFKFLRRLFKFL,RRLFKFL,repeat,942275289,2.989786557468041,,5.989464105135091,-0.0428571428571427,13,0.70009255,1,1517,7664,2.6831977,6.4227796,7,,False
61,473,cand_01826841,RLGLRRLRLGLRRL,RLGLRRL,repeat,925677889,2.9900995229980105,,5.9900900361950296,0.3571428571428572,13,0.6591282,1,1711,7810,2.683678,6.424917,7,,False
62,97,cand_01092990,KRLLLRLLRLLLRK,KRLLLRL,mirror,558315889,2.989786557468041,,5.989464105135091,-0.3285714285714285,13,0.6821774,1,2190,7561,2.6968462,6.48383,4,,False
63,910,cand_01834713,RLKLLLRRLKLLLR,RLKLLLR,repeat,926155794,2.989786557468041,,5.989464105135091,-0.3285714285714284,13,0.6866279,1,1504,7703,2.6984181,6.490898,1,,False
64,341,cand_00853211,IRLRLLRRLLRLRI,IRLRLLR,mirror,494355794,2.9900995229980105,,5.9900900361950296,-0.3428571428571428,13,0.6514078,1,1822,7596,2.705671,6.5236125,6,,False
65,568,cand_01903877,RVLRVVRRVLRVVR,RVLRVVR,repeat,951959154,2.9900995229980105,,5.9900900361950296,-0.4142857142857143,13,0.77746904,1,1648,7593,2.7067616,6.5285454,1,,False
66,699,cand_01115139,KVIVRRVVRRVIVK,KVIVRRV,mirror,567661897,2.989786557468041,,5.989464105135091,-0.6,13,0.78931105,1,1587,7542,2.7121804,6.553113,4,,False
67,350,cand_01838754,RLLRLRLLRLRLLR,RLLRLRL,mirror,926355889,2.9900995229980105,,5.9900900361950296,-0.2428571428571427,13,0.69933015,1,1809,7595,2.7170527,6.5752816,1,,False
68,246,cand_01837050,RLLGRLRRLRGLLR,RLLGRLR,mirror,926285794,2.9900995229980105,,5.9900900361950296,0.3571428571428571,13,0.7356961,1,1951,7735,2.72338,6.604183,1,,False
69,312,cand_01873275,RRLLRLGGLRLLRR,RRLLRLG,mirror,942317785,2.9900995229980105,,5.9900900361950296,0.3571428571428572,13,0.7555315,1,1863,7490,2.7236488,6.605413,1,,False
70,215,cand_01838412,RLLRFLRRLLRFLR,RLLRFLR,repeat,926353794,2.9900995229980105,,5.9900900361950296,-0.0999999999999999,13,0.6348201,1,1986,7663,2.7240095,6.6070647,1,,False
71,686,cand_00870079,IVRKVRVVRVKRVI,IVRKVRV,mirror,504711097,2.989786557468041,,5.989464105135091,-0.6000000000000002,13,0.7272442,1,1593,7660,2.724237,6.6081066,6,,False
72,415,cand_00627465,GRLLRLRRLRLLRG,GRLLRLR,mirror,366317794,2.9900995229980105,,5.9900900361950296,0.3571428571428572,13,0.7138605,1,1759,7484,2.730515,6.636925,6,,False
73,585,cand_01838676,RLLRKLVRLLRKLV,RLLRKLV,repeat,926355397,2.989786557468041,,5.989464105135091,-0.3857142857142856,13,0.7059783,1,1642,7557,2.734521,6.6553793,3,,False
74,486,cand_00996622,KILRVRLLRVRLIK,KILRVRL,mirror,535959089,2.989786557468041,,5.989464105135091,-0.4857142857142856,13,0.7687429,1,1697,7501,2.736974,6.6667056,4,,False
75,524,cand_01837051,RLLGRLRRLLGRLR,RLLGRLR,repeat,926285794,2.9900995229980105,,5.9900900361950296,0.3571428571428572,13,0.6253102,1,1673,7588,2.7371864,6.6676874,1,,False
76,235,cand_02233098,VRLLRLRVRLLRLR,VRLLRLR,repeat,1134317794,2.9900995229980105,,5.9900900361950296,-0.2999999999999999,13,0.6526659,1,1958,7523,2.7420497,6.6902018,5,,False
77,549,cand_01896281,RVIVKRVVRKVIVR,RVIVKRV,mirror,951659497,2.989786557468041,,5.989464105135091,-0.5999999999999999,13,0.8132947,1,1661,7610,2.7481747,6.718665,1,,False
78,809,cand_02236687,VRRIVKVVRRIVKV,VRRIVKV,repeat,1135102977,2.989786557468041,,5.989464105135091,-0.6000000000000002,13,0.7755826,1,1543,7579,2.7487645,6.7214127,5,,False
79,106,cand_01096024,KRRLLLLLLLLRRK,KRRLLLL,mirror,559115789,2.989786557468041,,5.989464105135091,-0.3285714285714285,13,0.63537526,1,2170,7651,2.752832,6.7403893,4,,False
80,298,cand_01838737,RLLRLKLLKLRLLR,RLLRLKL,mirror,926355769,2.989786557468041,,5.989464105135092,-0.3285714285714285,13,0.7057564,1,1874,7732,2.753731,6.744591,1,,False
81,220,cand_01247641,LRGRLLRLRGRLLR,LRGRLLR,repeat,621715794,2.9900995229980105,,5.9900900361950296,0.3571428571428572,13,0.69553506,1,1969,7463,2.7553039,6.7519484,2,,False
82,414,cand_01908821,RVRVRLLRVRVRLL,RVRVRLL,repeat,952781789,2.9900995229980105,,5.9900900361950296,-0.3571428571428571,13,0.6440132,1,1761,7600,2.7617419,6.782146,7,,False
83,976,cand_00860732,IRVRLLRIRVRLLR,IRVRLLR,repeat,495635794,2.9900995229980105,,5.9900900361950296,-0.3999999999999999,13,0.7669008,1,1488,7686,2.7684383,6.8136997,1,,False
84,129,cand_01219175,LKRLLGRLKRLLGR,LKRLLGR,repeat,603915714,2.989786557468041,,5.989464105135092,0.2714285714285714,13,0.7013377,1,2114,7612,2.772639,6.833568,2,,False
85,604,cand_00913896,KFFRRLFKFFRRLF,KFFRRLF,repeat,525557784,2.989786557468041,,5.989464105135092,0.1,13,0.7586491,1,1632,7597,2.784605,6.8904824,4,,False
86,552,cand_01841161,RLRGLLRRLLGRLR,RLRGLLR,mirror,927083794,2.9900995229980105,,5.9900900361950296,0.3571428571428572,13,0.6364079,1,1660,7574,2.7851038,6.892865,1,,False
87,91,cand_01838817,RLLRRLGRLLRRLG,RLLRRLG,repeat,926357785,2.9900995229980105,,5.9900900361950296,0.3571428571428573,13,0.7565858,1,2196,7534,2.7879438,6.9064474,7,,False
88,648,cand_01896331,RVIVRKVVKRVIVR,RVIVRKV,mirror,951661777,2.989786557468041,,5.989464105135092,-0.5999999999999999,13,0.81200325,1,1609,7359,2.792967,6.9305367,1,,False
89,291,cand_01838674,RLLRKLLRLLRKLL,RLLRKLL,repeat,926355389,2.989786557468041,,5.989464105135091,-0.3285714285714284,13,0.6957737,1,1887,7681,2.799807,6.9634733,7,,False
90,266,cand_01826734,RLGLLRRRRLLGLR,RLGLLRR,mirror,925675894,2.9900995229980105,,5.9900900361950296,0.3571428571428572,13,0.7784142,1,1922,7539,2.8006887,6.96773,1,,False
91,597,cand_00598771,GLRRRLLGLRRRLL,GLRRRLL,repeat,351157789,2.9900995229980105,,5.9900900361950296,0.3571428571428572,13,0.7480082,1,1636,7602,2.8041542,6.984487,7,,False
92,500,cand_01234771,LLRRLRILLRRLRI,LLRRLRI,repeat,607155887,2.9900995229980105,,5.9900900361950296,-0.3428571428571428,13,0.62885594,1,1688,7832,2.8055243,6.9911237,2,,False
93,730,cand_01262921,LRRLKGFLRRLKGF,LRRLKGF,repeat,623115304,2.989786557468041,,5.989464105135091,0.4142857142857144,13,0.67016006,1,1577,7782,2.807653,7.0014462,2,,False
94,798,cand_01846768,RLVRLLRRLLRVLR,RLVRLLR,mirror,927635794,2.9900995229980105,,5.9900900361950296,-0.2999999999999999,13,0.6291268,1,1547,7624,2.8084464,7.005298,1,cluster_center,True
95,445,cand_01233829,LLRKLLRRLLKRLL,LLRKLLR,mirror,607107794,2.989786557468041,,5.989464105135091,-0.3285714285714284,13,0.75556165,1,1729,7613,2.81176,7.021406,2,,False
96,953,cand_01206208,LKIGLRRLKIGLRR,LKIGLRR,repeat,602763894,2.989786557468041,,5.989464105135092,0.1714285714285714,13,0.6791981,1,1493,7723,2.8127725,7.0263357,2,,False
97,640,cand_01126113,KVRLVRVVRVLRVK,KVRLVRV,mirror,568719097,2.989786557468041,,5.989464105135091,-0.5000000000000001,13,0.7575489,1,1612,7597,2.8182445,7.053036,4,,False
98,247,cand_01907732,RVRLLRLLRLLRVR,RVRLLRL,mirror,952715889,2.9900995229980105,,5.9900900361950296,-0.2999999999999999,13,0.7282151,1,1949,7578,2.8248734,7.0855184,1,,False
99,936,cand_02241675,VRVVRVKKVRVVRV,VRVVRVK,mirror,1135661948,2.989786557468041,,5.989464105135092,-0.5571428571428573,13,0.7178581,1,1498,7826,2.8269227,7.09559,5,,False
100,202,cand_01870823,RRLFRLLRRLFRLL,RRLFRLL,repeat,942277789,2.9900995229980105,,5.9900900361950296,-0.0999999999999999,13,0.69869727,1,1999,7607,2.8287673,7.104668,7,cluster_center,True
101,265,cand_01838368,RLLRFFKRLLRFFK,RLLRFFK,repeat,926353688,2.989786557468041,,5.989464105135091,-0.0428571428571427,13,0.68332916,1,1923,7835,2.8333545,7.127294,4,,False
102,968,cand_01832701,RLKGFLRRLKGFLR,RLKGFLR,repeat,926121794,2.989786557468041,,5.989464105135091,0.4142857142857143,13,0.6817629,1,1490,7611,2.8348546,7.134709,1,,False
103,164,cand_01233623,LLRKGLRRLGKRLL,LLRKGLR,mirror,607106194,2.989786557468041,,5.989464105135091,0.2714285714285714,13,0.65396374,1,2052,7619,2.8401885,7.161136,2,,False
104,795,cand_01873256,RRLLRGLRRLLRGL,RRLLRGL,repeat,942317709,2.9900995229980105,,5.9900900361950296,0.3571428571428572,13,0.6295899,1,1549,7659,2.8402119,7.161252,7,,False
105,85,cand_01861100,RRGLLLRRRGLLLR,RRGLLLR,repeat,941675794,2.9900995229980105,,5.9900900361950296,0.3571428571428572,13,0.7008645,1,2208,7573,2.8431284,7.175744,1,,False
106,950,cand_02209329,VLRKILRRLIKRLV,VLRKILR,mirror,1119106994,2.989786557468041,,5.989464105135091,-0.4857142857142857,13,0.63162875,1,1494,7556,2.843937,7.1797667,5,,False
107,702,cand_01693427,RFGRLLRRFGRLLR,RFGRLLR,repeat,909715794,2.9900995229980105,,5.9900900361950296,0.5000000000000001,13,0.67067814,1,1587,7516,2.845022,7.1851683,1,,False
108,739,cand_01872959,RRLLGKLLKGLLRR,RRLLGKL,mirror,942314169,2.989786557468041,,5.989464105135092,0.2714285714285714,13,0.63905,1,1570,7668,2.8481245,7.200637,1,,False
109,398,cand_01257105,LRLGLRRLRLGLRR,LRLGLRR,repeat,622283894,2.9900995229980105,,5.9900900361950296,0.3571428571428572,13,0.72334445,1,1766,7592,2.852017,7.2200904,2,,False
110,708,cand_01876106,RRRLGLLRRRLGLL,RRRLGLL,repeat,943114189,2.9900995229980105,,5.9900900361950296,0.3571428571428572,13,0.82193726,1,1585,7666,2.852741,7.2237153,7,,False
111,402,cand_01872988,RRLLGRLRRLLGRL,RRLLGRL,repeat,942314289,2.9900995229980105,,5.9900900361950296,0.3571428571428572,13,0.64493877,1,1765,7616,2.8551564,7.2358193,7,,False
112,611,cand_01044417,KLFRRLFKLFRRLF,KLFRRLF,repeat,541557784,2.989786557468041,,5.989464105135092,-0.0428571428571427,13,0.6439824,1,1630,7648,2.8597636,7.2589636,4,,False
113,791,cand_01234914,LLRRVRILLRRVRI,LLRRVRI,repeat,607159087,2.9900995229980105,,5.9900900361950296,-0.3999999999999999,13,0.76414454,1,1551,7572,2.8610172,7.265274,2,,False
114,957,cand_01873342,RRLLVKVRRLLVKV,RRLLVKV,repeat,942318977,2.989786557468041,,5.989464105135091,-0.4428571428571428,13,0.7479065,1,1492,7659,2.864956,7.285136,3,,False
115,917,cand_02233600,VRLRLRIVRLRLRI,VRLRLRI,repeat,1134355887,2.9900995229980105,,5.9900900361950296,-0.3999999999999999,13,0.6288866,1,1502,7635,2.8661578,7.291208,5,,False
116,540,cand_01213624,LKLGLRRLKLGLRR,LKLGLRR,repeat,603083894,2.989786557468041,,5.989464105135092,0.2714285714285714,13,0.6904502,1,1667,7622,2.867478,7.2978826,2,,False
117,814,cand_01277652,LVRLRRILVRLRRI,LVRLRRI,repeat,632717887,2.9900995229980105,,5.9900900361950296,-0.4000000000000001,13,0.6354891,1,1542,7666,2.869375,7.307485,2,,False
118,173,cand_01153558,LFKGLRRLFKGLRR,LFKGLRR,repeat,590123894,2.989786557468041,,5.989464105135092,0.4142857142857143,13,0.68675494,1,2037,7707,2.8737907,7.329886,2,,False
119,974,cand_00896538,KALLRRLLRRLLAK,KALLRRL,mirror,513517889,2.989786557468041,,5.989464105135091,-0.0428571428571428,13,0.6641545,1,1489,7744,2.8769944,7.3461804,4,,False
120,825,cand_01278145,LVRRLRILVRRLRI,LVRRLRI,repeat,632755887,2.9900995229980105,,5.9900900361950296,-0.4,13,0.63925207,1,1538,7546,2.882665,7.3751116,2,,False
121,624,cand_02230627,VRKVIRVVRIVKRV,VRKVIRV,mirror,1134219097,2.989786557468041,,5.989464105135091,-0.6000000000000002,13,0.7908324,1,1621,7618,2.884405,7.384012,5,,False
122,995,cand_00348810,FGRLLRRFGRLLRR,FGRLLRR,repeat,274315894,2.9900995229980105,,5.9900900361950296,0.5000000000000001,13,0.62987685,1,1483,7719,2.88634,7.3939223,1,,False
123,179,cand_01872879,RRLLFRLLRFLLRR,RRLLFRL,mirror,942313889,2.9900995229980105,,5.9900900361950296,-0.0999999999999999,13,0.67994785,1,2030,7759,2.887375,7.39923,1,,False
124,355,cand_00970348,KGRLLRLKGRLLRL,KGRLLRL,repeat,530315889,2.989786557468041,,5.989464105135092,0.2714285714285715,13,0.8007759,1,1801,7807,2.887467,7.3997006,4,,False
125,667,cand_02237586,VRRLLKLLKLLRRV,VRRLLKL,mirror,1135115769,2.989786557468041,,5.989464105135092,-0.3857142857142857,13,0.6969692,1,1600,7676,2.892954,7.4278984,5,,False
126,338,cand_01842885,RLRLLRLLRLLRLR,RLRLLRL,mirror,927115889,2.9900995229980105,,5.9900900361950296,-0.2428571428571427,13,0.63497084,1,1823,7578,2.8957686,7.442404,1,,False
127,40,cand_01838755,RLLRLRLRLLRLRL,RLLRLRL,repeat,926355889,2.9900995229980105,,5.9900900361950296,-0.2428571428571427,13,0.64535195,1,2398,7632,2.9009001,7.4689226,7,,False
128,967,cand_02235196,VRRFLRLLRLFRRV,VRRFLRL,mirror,1135075889,2.9900995229980105,,5.9900900361950296,-0.157142857142857,13,0.69321644,1,1490,7769,2.9033403,7.4815664,5,,False
129,181,cand_01903729,RVLRLRLLRLRLVR,RVLRLRL,mirror,951955889,2.9900995229980105,,5.9900900361950296,-0.2999999999999999,13,0.7112303,1,2028,7715,2.907206,7.5016403,1,,False
130,499,cand_01807628,RKLLRLVVLRLLKR,RKLLRLV,mirror,923117797,2.989786557468041,,5.989464105135091,-0.3857142857142857,13,0.70066226,1,1688,7521,2.90823,7.5069666,1,,False
131,987,cand_02196513,VKRVIRVVKRVIRV,VKRVIRV,repeat,1115979097,2.989786557468041,,5.989464105135092,-0.5999999999999999,13,0.7555751,1,1484,7603,2.909789,7.5150833,5,,False
132,176,cand_01823028,RLFRLLRRLLRFLR,RLFRLLR,mirror,925555794,2.9900995229980105,,5.9900900361950296,-0.0999999999999999,13,0.62571734,1,2033,7603,2.912611,7.529797,1,,False
133,470,cand_01870747,RRLFLLKRRLFLLK,RRLFLLK,repeat,942275788,2.989786557468041,,5.989464105135091,-0.1857142857142855,13,0.7103623,1,1715,7638,2.9146085,7.54023,4,,False
134,779,cand_01234023,LLRLFKRLLRLFKR,LLRLFKR,repeat,607113774,2.989786557468041,,5.989464105135091,-0.1857142857142857,13,0.7466484,1,1556,7710,2.9181235,7.5586233,2,,False
135,141,cand_01841173,RLRGLRLLRLGRLR,RLRGLRL,mirror,927083889,2.9900995229980105,,5.9900900361950296,0.3571428571428572,13,0.63637125,1,2092,7586,2.9239726,7.58933,1,,False
136,282,cand_01790666,RKFLRFLLFRLFKR,RKFLRFL,mirror,922317689,2.989786557468041,,5.989464105135091,-0.0428571428571427,13,0.7896946,1,1904,7742,2.9265506,7.6029043,1,,False
137,916,cand_02099457,TRVVRVRRVRVVRT,TRVVRVR,mirror,1071661954,2.9900995229980105,,5.9900900361950296,0.2285714285714286,11,0.6977549,1,1502,7544,2.9269068,7.6047816,6,,False
138,726,cand_01841104,RLRGLFRRLRGLFR,RLRGLFR,repeat,927083694,2.9900995229980105,,5.9900900361950296,0.5,13,0.65286165,1,1578,7731,2.9273274,7.606999,1,,False
139,615,cand_02209594,VLRKVLRRLVKRLV,VLRKVLR,mirror,1119110994,2.989786557468041,,5.989464105135091,-0.4428571428571428,13,0.7026089,1,1628,7767,2.9329517,7.6367126,5,,False
140,743,cand_01125051,KVRIRVVKVRIRVV,KVRIRVV,repeat,568701957,2.989786557468041,,5.989464105135092,-0.6000000000000002,13,0.67845744,1,1568,7726,2.9354992,7.650209,3,,False
141,461,cand_01710185,RFRLLRLLRLLRFR,RFRLLRL,mirror,911115889,2.9900995229980105,,5.9900900361950296,-0.0999999999999999,13,0.7662237,1,1718,7583,2.9383016,7.665084,1,,False
142,530,cand_01001351,KIRVRVVKIRVRVV,KIRVRVV,repeat,536781957,2.989786557468041,,5.989464105135092,-0.6000000000000002,13,0.69761103,1,1670,7497,2.9397411,7.672736,3,,False
143,69,cand_01630136,QRLLRRLLRRLLRQ,QRLLRRL,mirror,878317889,2.9900995229980105,,5.9900900361950296,0.8,11,0.6699979,1,2264,7548,2.941287,7.680962,6,,False
144,930,cand_01838384,RLLRFGRRLLRFGR,RLLRFGR,repeat,926353714,2.9900995229980105,,5.9900900361950296,0.5,13,0.6621668,1,1499,7560,2.943774,7.6942143,1,,False
145,175,cand_01261321,LRRGLRLLRRGLRL,LRRGLRL,repeat,623083889,2.9900995229980105,,5.9900900361950296,0.3571428571428572,13,0.70213187,1,2033,7598,2.9438396,7.694564,2,,False
146,349,cand_01233350,LLRIRLRLLRIRLR,LLRIRLR,repeat,607101794,2.9900995229980105,,5.9900900361950296,-0.3428571428571429,13,0.643954,1,1811,7554,2.9456675,7.7043195,2,,False
147,548,cand_01835199,RLKRLLLRLKRLLL,RLKRLLL,repeat,926195789,2.989786557468041,,5.989464105135091,-0.3285714285714283,13,0.661712,1,1662,7730,2.9469147,7.7109823,7,,False
148,860,cand_01233524,LLRKFLRLLRKFLR,LLRKFLR,repeat,607105794,2.989786557468041,,5.989464105135091,-0.1857142857142855,13,0.68628895,1,1525,7559,2.9522183,7.739382,2,,False
149,465,cand_01872982,RRLLGRFRRLLGRF,RRLLGRF,repeat,942314284,2.9900995229980105,,5.9900900361950296,0.5000000000000001,13,0.62740153,1,1718,7482,2.9556508,7.7578173,7,,False
150,182,cand_00852745,IRLLRRLLRRLLRI,IRLLRRL,mirror,494317889,2.9900995229980105,,5.9900900361950296,-0.3428571428571428,13,0.6318799,1,2027,7534,2.9568627,7.7643366,6,,False
151,892,cand_02210709,VLRVRRVVLRVRRV,VLRVRRV,repeat,1119181897,2.9900995229980105,,5.9900900361950296,-0.4142857142857144,13,0.73162895,1,1514,7625,2.9604316,7.7835674,5,,False
152,972,cand_02252840,VVVRRKIVVVRRKI,VVVRRKI,repeat,1145237767,2.989786557468041,,5.989464105135091,-0.6,13,0.70206356,1,1489,7649,2.961375,7.788659,5,,False
153,872,cand_01617721,QLRRVLRRLVRRLQ,QLRRVLR,mirror,863158994,2.9900995229980105,,5.9900900361950296,0.7428571428571428,11,0.6997506,1,1520,7387,2.9615884,7.789811,6,,False
154,494,cand_02210296,VLRRLFRVLRRLFR,VLRRLFR,repeat,1119155694,2.9900995229980105,,5.9900900361950296,-0.157142857142857,13,0.77566886,1,1690,7540,2.9632633,7.79886,5,,False
155,488,cand_01843366,RLRRLLGRLRRLLG,RLRRLLG,repeat,927155785,2.9900995229980105,,5.9900900361950296,0.3571428571428571,13,0.6313196,1,1696,7535,2.9638207,7.801874,7,,False
156,818,cand_02233116,VRLLRVRVRLLRVR,VRLLRVR,repeat,1134317954,2.9900995229980105,,5.9900900361950296,-0.3571428571428571,13,0.74103993,1,1539,7757,2.9639454,7.8025484,5,,False
157,603,cand_00348807,FGRLLRLLRLLRGF,FGRLLRL,mirror,274315889,1.9901026852656707,,3.9900963607303503,-0.6857142857142856,13,0.69272023,1,1634,7551,2.965933,7.813306,6,,False
158,948,cand_01907734,RVRLLRVVRLLRVR,RVRLLRV,mirror,952715897,2.9900995229980105,,5.9900900361950296,-0.3571428571428571,13,0.6835844,1,1495,7627,2.9689488,7.8296556,1,,False
159,959,cand_01234903,LLRRVLKKLVRRLL,LLRRVLK,mirror,607158988,2.989786557468041,,5.989464105135092,-0.3857142857142857,13,0.71152157,1,1492,7557,2.9700143,7.83544,2,,False
160,118,cand_00929503,KFLLRRLLRRLLFK,KFLLRRL,mirror,526317889,2.989786557468041,,5.989464105135091,-0.1857142857142856,13,0.70777327,1,2143,7625,2.970317,7.837084,4,,False
161,820,cand_01644820,QVVKRVKKVRKVVQ,QVVKRVK,mirror,889189948,2.989473591938072,,5.988838174075152,0.457142857142857,11,0.7042388,1,1539,7861,2.970855,7.8400073,6,,False
162,673,cand_02207311,VLLKRVRVLLKRVR,VLLKRVR,repeat,1118309954,2.989786557468041,,5.989464105135092,-0.442857142857143,13,0.65149057,1,1598,7532,2.9732838,7.853217,5,,False
163,797,cand_02248397,VVKRRIVVIRRKVV,VVKRRIV,mirror,1143797757,2.989786557468041,,5.989464105135091,-0.6000000000000002,13,0.6493963,1,1547,7707,2.9761477,7.868822,5,,False
164,347,cand_01266915,LRVRLLRLRVRLLR,LRVRLLR,repeat,623635794,2.9900995229980105,,5.9900900361950296,-0.2999999999999999,13,0.71164775,1,1815,7687,2.9766312,7.8714595,2,,False
165,970,cand_01277636,LVRLRKLLVRLRKL,LVRLRKL,repeat,632717769,2.989786557468041,,5.989464105135091,-0.3857142857142857,13,0.72628415,1,1489,7670,2.9772682,7.874936,2,,False
166,672,cand_01264216,LRRVVRLLRRVVRL,LRRVVRL,repeat,623183089,2.9900995229980105,,5.9900900361950296,-0.3571428571428571,13,0.704361,1,1598,7548,2.9781146,7.8795576,2,,False
167,588,cand_02211383,VLVRVKRVLVRVKR,VLVRVKR,repeat,1119638974,2.989786557468041,,5.989464105135091,-0.4999999999999999,13,0.6261317,1,1642,7658,2.9789712,7.884238,5,,False
168,460,cand_01903868,RVLRVRLLRVRLVR,RVLRVRL,mirror,951959089,2.9900995229980105,,5.9900900361950296,-0.3571428571428571,13,0.7641694,1,1719,7573,2.9798691,7.889146,1,,False
169,750,cand_02233677,VRLRRVIVRLRRVI,VRLRRVI,repeat,1134357947,2.9900995229980105,,5.9900900361950296,-0.457142857142857,13,0.6635922,1,1566,7518,2.9817066,7.8992004,5,,False
170,740,cand_01617654,QLRRLRLLRLRRLQ,QLRRLRL,mirror,863155889,2.9900995229980105,,5.9900900361950296,0.7999999999999999,11,0.65229106,1,1569,7547,2.9849076,7.916746,6,,False
171,985,cand_02238625,VRRVLRLLRLVRRV,VRRVLRL,mirror,1135179889,2.9900995229980105,,5.9900900361950296,-0.3571428571428572,13,0.7137496,1,1485,7635,2.98588,7.9220834,5,,False
172,642,cand_02233466,VRLRIVRVRLRIVR,VRLRIVR,repeat,1134355154,2.9900995229980105,,5.9900900361950296,-0.457142857142857,13,0.6599979,1,1612,7707,2.986061,7.9230785,5,,False
173,650,cand_02209313,VLRKIIRRIIKRLV,VLRKIIR,mirror,1119106954,2.989786557468041,,5.989464105135091,-0.5857142857142856,13,0.64144856,1,1609,7416,2.9938674,7.966066,5,,False
174,619,cand_02233749,VRLRVVRVRLRVVR,VRLRVVR,repeat,1134359154,2.9900995229980105,,5.9900900361950296,-0.4142857142857143,13,0.7537379,1,1625,7568,2.9952128,7.973498,5,,False
175,462,cand_01903871,RVLRVRVRVLRVRV,RVLRVRV,repeat,951959097,2.9900995229980105,,5.9900900361950296,-0.4142857142857143,13,0.7399264,1,1718,7705,2.995692,7.976147,3,,False
176,468,cand_01835734,RLKVLRLLRLVKLR,RLKVLRL,mirror,926219889,2.989786557468041,,5.989464105135091,-0.3857142857142856,13,0.71381205,1,1716,7698,2.9961681,7.97878,1,,False
177,119,cand_01873274,RRLLRLFRRLLRLF,RRLLRLF,repeat,942317784,2.9900995229980105,,5.9900900361950296,-0.0999999999999999,13,0.6502476,1,2141,7705,3.0073225,8.040708,7,,False
178,255,cand_01634767,QRVVKRVVRKVVRQ,QRVVKRV,mirror,879659497,2.989786557468041,,5.989464105135091,0.5428571428571428,11,0.8009498,1,1934,7559,3.0075135,8.041773,6,,False
179,964,cand_00870276,IVRLRLRIVRLRLR,IVRLRLR,repeat,504717794,2.9900995229980105,,5.9900900361950296,-0.4000000000000001,13,0.6572165,1,1492,7523,3.011475,8.063885,1,,False
180,935,cand_02251922,VVRRLRVVVRRLRV,VVRRLRV,repeat,1144755897,2.9900995229980105,,5.9900900361950296,-0.4142857142857143,13,0.7283418,1,1498,7577,3.0116906,8.06509,5,,False
181,551,cand_01277267,LVRKLLRRLLKRVL,LVRKLLR,mirror,632707794,2.989786557468041,,5.989464105135091,-0.3857142857142856,13,0.79358774,1,1660,7487,3.0122457,8.068193,2,,False
182,73,cand_01640729,QVKRVRVVRVRKVQ,QVKRVRV,mirror,887799097,2.989786557468041,,5.989464105135091,0.5428571428571428,11,0.64642453,1,2255,7590,3.0135124,8.07528,6,,False
183,432,cand_01846845,RLVRRLLRLVRRLL,RLVRRLL,repeat,927637789,2.9900995229980105,,5.9900900361950296,-0.2999999999999999,13,0.6642675,1,1744,7640,3.0136564,8.076087,7,,False
184,845,cand_01263097,LRRLRLILRRLRLI,LRRLRLI,repeat,623117787,2.9900995229980105,,5.9900900361950296,-0.3428571428571428,13,0.6305883,1,1531,7652,3.014955,8.08336,2,,False
185,778,cand_01814706,RKVLRLLLLRLVKR,RKVLRLL,mirror,924397789,2.989786557468041,,5.989464105135091,-0.3857142857142855,13,0.78235394,1,1556,7886,3.0159159,8.088745,1,,False
186,724,cand_01275390,LVLRRLKLVLRRLK,LVLRRLK,repeat,631957788,2.989786557468041,,5.989464105135091,-0.3857142857142857,13,0.7596623,1,1578,7503,3.0165708,8.092418,2,,False
187,713,cand_02216008,VRFFRRLLRRFFRV,VRFFRRL,mirror,1133477889,2.9900995229980105,,5.9900900361950296,-0.0142857142857142,13,0.6743394,1,1583,7634,3.019221,8.107297,5,,False
188,399,cand_01634754,QRVVKKVVKKVVRQ,QRVVKKV,mirror,879659377,2.989473591938072,,5.988838174075152,0.457142857142857,11,0.79191905,1,1765,7657,3.0196826,8.109892,6,,False
189,57,cand_00632540,GRRLLRLLRLLRRG,GRRLLRL,mirror,367115889,2.9900995229980105,,5.9900900361950296,0.3571428571428572,13,0.7751533,1,2314,7732,3.0197208,8.110106,6,,False
190,214,cand_01029471,KKLLKLLLLKLLKK,KKLLKLL,mirror,539115389,2.9891606264081023,,5.988212243015213,-0.5,13,0.7139765,1,1986,7555,3.0230792,8.129007,4,,False
191,688,cand_01907810,RVRLRVLLVRLRVR,RVRLRVL,mirror,952717949,2.9900995229980105,,5.9900900361950296,-0.3571428571428571,13,0.69132924,1,1592,7535,3.0249312,8.139449,1,,False
192,961,cand_01258356,LRLLRKGLRLLRKG,LRLLRKG,repeat,622317765,2.989786557468041,,5.989464105135091,0.2714285714285714,13,0.7044238,1,1492,7574,3.025357,8.141852,2,,False
193,639,cand_02238627,VRRVLRVVRLVRRV,VRRVLRV,mirror,1135179897,2.9900995229980105,,5.9900900361950296,-0.4142857142857144,13,0.76390904,1,1612,7732,3.0268126,8.15007,5,,False
194,522,cand_01836956,RLLGLRRRRLGLLR,RLLGLRR,mirror,926283894,2.9900995229980105,,5.9900900361950296,0.3571428571428571,13,0.6275606,1,1674,7573,3.0268548,8.150309,1,,False
195,741,cand_02079509,TLRRLRLLRLRRLT,TLRRLRL,mirror,1055155889,2.9900995229980105,,5.9900900361950296,0.4000000000000001,11,0.7309455,1,1568,7530,3.029081,8.162896,6,,False
196,79,cand_02237529,VRRLKLVVRRLKLV,VRRLKLV,repeat,1135115397,2.989786557468041,,5.989464105135091,-0.4428571428571429,13,0.62508863,1,2235,7631,3.029482,8.165164,5,,False
197,322,cand_01617675,QLRRRLLLLRRRLQ,QLRRRLL,mirror,863157789,2.9900995229980105,,5.9900900361950296,0.7999999999999999,11,0.6840992,1,1843,7516,3.032974,8.184953,6,,False
198,694,cand_01873698,RRLRLLLRRLRLLL,RRLRLLL,repeat,942355789,2.9900995229980105,,5.9900900361950296,-0.2428571428571428,13,0.6270566,1,1590,7735,3.0336382,8.188722,7,,False
199,652,cand_01896154,RVIRVVKRVIRVVK,RVIRVVK,repeat,951639148,2.989786557468041,,5.989464105135091,-0.6,13,0.77563095,1,1607,7574,3.0336483,8.188779,4,cluster_boundary,True
200,372,cand_00632512,GRRLLKLLKLLRRG,GRRLLKL,mirror,367115769,2.989786557468041,,5.989464105135092,0.2714285714285714,13,0.6470367,1,1785,7681,3.038516,8.2164545,6,,False
201,945,cand_01634858,QRVVRVRRVRVVRQ,QRVVRVR,mirror,879661954,2.9900995229980105,,5.9900900361950296,0.6285714285714284,11,0.7813614,1,1495,7611,3.0385408,8.216596,6,,False
202,331,cand_01258368,LRLLRLRLRLLRLR,LRLLRLR,repeat,622317794,2.9900995229980105,,5.9900900361950296,-0.2428571428571427,13,0.633242,1,1829,7564,3.041318,8.232428,2,cluster_boundary,True
203,735,cand_01777947,RIRLVRLLRVLRIR,RIRLVRL,mirror,920719089,2.9900995229980105,,5.9900900361950296,-0.3999999999999999,13,0.6526243,1,1574,7689,3.043137,8.242815,1,,False
204,706,cand_01846287,RLVLRRVVRRLVLR,RLVLRRV,mirror,927597897,2.9900995229980105,,5.9900900361950296,-0.3571428571428571,13,0.6867262,1,1586,7754,3.0481489,8.2715,1,,False
205,334,cand_01861111,RRGLLRLLRLLGRR,RRGLLRL,mirror,941675889,2.9900995229980105,,5.9900900361950296,0.3571428571428571,13,0.6792676,1,1824,7577,3.0491314,8.277135,1,,False
206,998,cand_01060511,KLRFFRLLRFFRLK,KLRFFRL,mirror,543073889,2.989786557468041,,5.989464105135091,-0.0428571428571428,13,0.631963,1,1481,7712,3.0522003,8.294761,4,,False
207,333,cand_01634838,QRVVRKVVKRVVRQ,QRVVRKV,mirror,879661777,2.989786557468041,,5.989464105135092,0.5428571428571428,11,0.73316,1,1825,7643,3.052767,8.298019,6,,False
208,142,cand_01059283,KLLRLRLLRLRLLK,KLLRLRL,mirror,542355889,2.989786557468041,,5.989464105135091,-0.3285714285714285,13,0.6472352,1,2091,7510,3.0531251,8.300079,4,,False
209,799,cand_00442542,FRRLLIRFRRLLIR,FRRLLIR,repeat,303115754,2.9900995229980105,,5.9900900361950296,-0.1999999999999999,13,0.6244345,1,1546,7619,3.0538921,8.304493,1,,False
210,946,cand_01063359,KLRLVRVVRVLRLK,KLRLVRV,mirror,543119097,2.989786557468041,,5.989464105135091,-0.4428571428571429,13,0.7428929,1,1495,7657,3.0547285,8.309309,4,,False
211,508,cand_01258376,LRLLRRILRLLRRI,LRLLRRI,repeat,622317887,2.9900995229980105,,5.9900900361950296,-0.3428571428571429,13,0.77109337,1,1681,7688,3.0555096,8.313808,2,,False
212,747,cand_00500745,GFRLLRLLRLLRFG,GFRLLRL,mirror,335115889,1.9901026852656707,,3.9900963607303503,-0.6857142857142857,13,0.673242,1,1567,7557,3.0580819,8.328646,6,,False
213,989,cand_02241659,VRVVRLKKLRVVRV,VRVVRLK,mirror,1135661788,2.989786557468041,,5.989464105135092,-0.5000000000000001,13,0.6936682,1,1484,7528,3.0586166,8.331733,5,,False
214,594,cand_02238609,VRRVLKVVKLVRRV,VRRVLKV,mirror,1135179777,2.989786557468041,,5.989464105135092,-0.5000000000000001,13,0.7380258,1,1637,7682,3.0588706,8.3331995,5,,False
215,868,cand_01234887,LLRRVIRRIVRRLL,LLRRVIR,mirror,607158954,2.9900995229980105,,5.9900900361950296,-0.3999999999999999,13,0.7328164,1,1521,7607,3.0593798,8.336142,2,,False
216,495,cand_01838815,RLLRRLFRLLRRLF,RLLRRLF,repeat,926357784,2.9900995229980105,,5.9900900361950296,-0.0999999999999999,13,0.64657736,1,1690,7535,3.0650036,8.368701,7,,False
217,484,cand_01058806,KLLLRRLLRRLLLK,KLLLRRL,mirror,542317889,2.989786557468041,,5.989464105135091,-0.3285714285714285,13,0.71608955,1,1699,7706,3.0652637,8.37021,4,,False
218,760,cand_01846844,RLVRRLLLLRRVLR,RLVRRLL,mirror,927637789,2.9900995229980105,,5.9900900361950296,-0.2999999999999999,13,0.73160523,1,1563,7784,3.065517,8.371678,1,,False
219,68,cand_01838785,RLLRRFLRLLRRFL,RLLRRFL,repeat,926357689,2.9900995229980105,,5.9900900361950296,-0.0999999999999999,13,0.671344,1,2268,7607,3.0698318,8.396754,7,,False
220,707,cand_00411824,FLRRLFRRFLRRLF,FLRRLFR,mirror,287155694,2.9900995229980105,,5.9900900361950296,0.0428571428571429,13,0.65778965,1,1586,7462,3.0707755,8.402248,6,,False
221,439,cand_01838610,RLLRIRVRLLRIRV,RLLRIRV,repeat,926355097,2.9900995229980105,,5.9900900361950296,-0.3999999999999999,13,0.6626287,1,1738,7637,3.0728412,8.414288,3,cluster_center,True
222,927,cand_02233969,VRLVRVKVRLVRVK,VRLVRVK,repeat,1134381948,2.989786557468041,,5.989464105135091,-0.5000000000000001,13,0.77980316,1,1499,7527,3.0756087,8.430445,5,,False
223,903,cand_01820619,RLFFRRFRLFFRRF,RLFFRRF,repeat,925477884,2.9900995229980105,,5.9900900361950296,0.1857142857142857,13,0.72380114,1,1507,7631,3.076108,8.433363,7,cluster_boundary,True
224,407,cand_01617662,QLRRLVRRVLRRLQ,QLRRLVR,mirror,863155954,2.9900995229980105,,5.9900900361950296,0.7428571428571428,11,0.7032664,1,1762,7617,3.0761712,8.433732,6,,False
225,516,cand_01231816,LLLRRKILLLRRKI,LLLRRKI,repeat,606357767,2.989786557468041,,5.989464105135091,-0.4285714285714284,13,0.7009269,1,1676,7704,3.0798037,8.454994,2,,False
226,975,cand_02238082,VRRRLLIVRRRLLI,VRRRLLI,repeat,1135155787,2.9900995229980105,,5.9900900361950296,-0.3999999999999997,13,0.62669885,1,1489,7595,3.084915,8.485002,5,,False
227,199,cand_01231824,LLLRRLKLLLRRLK,LLLRRLK,repeat,606357788,2.989786557468041,,5.989464105135091,-0.3285714285714285,13,0.6234572,1,2002,7647,3.0853305,8.487446,2,,False
228,443,cand_01234744,LLRRLIRRILRRLL,LLRRLIR,mirror,607155754,2.9900995229980105,,5.9900900361950296,-0.3428571428571428,13,0.64441943,1,1732,7490,3.0859182,8.490904,2,,False
229,498,cand_01837888,RLLKRLLRLLKRLL,RLLKRLL,repeat,926309789,2.989786557468041,,5.989464105135091,-0.3285714285714284,13,0.6273367,1,1689,7528,3.0884821,8.506007,7,,False
230,578,cand_00598691,GLRRLLLLLLRRLG,GLRRLLL,mirror,351155789,1.9901026852656707,,3.9900963607303503,-0.8285714285714285,13,0.6476975,1,1646,7715,3.090148,8.515835,6,cluster_boundary,True
231,560,cand_01847141,RLVVRRVVRRVVLR,RLVVRRV,mirror,927661897,2.9900995229980105,,5.9900900361950296,-0.4142857142857143,13,0.6418226,1,1655,7614,3.0916932,8.5249605,1,,False
232,1000,cand_01807704,RKLLVVRRKLLVVR,RKLLVVR,repeat,923119154,2.989786557468041,,5.989464105135091,-0.4428571428571428,13,0.7125579,1,1480,7605,3.0921276,8.527528,1,,False
233,663,cand_01876105,RRRLGLLLLGLRRR,RRRLGLL,mirror,943114189,2.9900995229980105,,5.9900900361950296,0.3571428571428571,13,0.75601864,1,1601,7494,3.0962756,8.552081,1,,False
234,457,cand_01903795,RVLRRLLRVLRRLL,RVLRRLL,repeat,951957789,2.9900995229980105,,5.9900900361950296,-0.2999999999999999,13,0.63925534,1,1721,7604,3.09684,8.555428,7,,False
235,703,cand_01234632,LLRRIVRRVIRRLL,LLRRIVR,mirror,607155154,2.9900995229980105,,5.9900900361950296,-0.3999999999999999,13,0.6424726,1,1587,7805,3.0976534,8.560253,2,,False
236,944,cand_02233935,VRLVRIRVRLVRIR,VRLVRIR,repeat,1134381754,2.9900995229980105,,5.9900900361950296,-0.4571428571428572,13,0.6592212,1,1496,7680,3.0982888,8.564024,5,,False
237,723,cand_01903870,RVLRVRVVRVRLVR,RVLRVRV,mirror,951959097,2.9900995229980105,,5.9900900361950296,-0.4142857142857143,13,0.76609683,1,1578,7651,3.1033401,8.594062,1,,False
238,805,cand_01232394,LLRFGRLLRGFRLL,LLRFGRL,mirror,607074289,1.9901026852656707,,3.9900963607303503,-0.6857142857142856,13,0.6260841,1,1545,7660,3.1041741,8.599031,2,,False
239,340,cand_01044422,KLFRRLLLLRRFLK,KLFRRLL,mirror,541557789,2.989786557468041,,5.989464105135091,-0.1857142857142855,13,0.70082873,1,1822,7427,3.1042309,8.599369,4,,False
240,828,cand_01192025,LIRLRRLLRRLRIL,LIRLRRL,mirror,600717889,2.9900995229980105,,5.9900900361950296,-0.3428571428571428,13,0.71531105,1,1537,7595,3.104915,8.603448,2,,False
241,447,cand_01262951,LRRLKLLLRRLKLL,LRRLKLL,repeat,623115389,2.989786557468041,,5.989464105135091,-0.3285714285714285,13,0.7524148,1,1727,7654,3.104969,8.60377,2,,False
242,790,cand_01626212,QRIRLRVVRLRIRQ,QRIRLRV,mirror,878035897,2.9900995229980105,,5.9900900361950296,0.6428571428571429,11,0.69498736,1,1552,7484,3.1087554,8.626381,6,cluster_center,True
243,816,cand_02249234,VVLRKRVVVLRKRV,VVLRKRV,repeat,1143955497,2.989786557468041,,5.989464105135091,-0.4999999999999999,13,0.64665395,1,1541,7518,3.1125517,8.64911,5,,False
244,483,cand_01742013,RGLRRLLLLRRLGR,RGLRRLL,mirror,913557789,2.9900995229980105,,5.9900900361950296,0.3571428571428572,13,0.74055815,1,1701,7648,3.112606,8.649436,1,,False
245,196,cand_00830716,ILRRRLLLLRRRLI,ILRRRLL,mirror,479157789,2.9900995229980105,,5.9900900361950296,-0.3428571428571428,13,0.64277434,1,2006,7658,3.1138113,8.656665,6,,False
246,307,cand_01234755,LLRRLKLLLRRLKL,LLRRLKL,repeat,607155769,2.989786557468041,,5.989464105135091,-0.3285714285714284,13,0.6379997,1,1870,7479,3.1148612,8.662967,2,,False
247,167,cand_01234173,LLRLLKRLLRLLKR,LLRLLKR,repeat,607115774,2.989786557468041,,5.989464105135091,-0.3285714285714285,13,0.6748938,1,2049,7727,3.1162689,8.671424,2,,False
248,533,cand_01838814,RLLRRLFFLRRLLR,RLLRRLF,mirror,926357784,2.9900995229980105,,5.9900900361950296,-0.0999999999999999,13,0.6789843,1,1669,7683,3.1163602,8.671972,1,,False
249,240,cand_00594513,GLLRRLLLLRRLLG,GLLRRLL,mirror,350357789,1.9901026852656707,,3.9900963607303503,-0.8285714285714285,13,0.65643466,1,1956,7766,3.1169612,8.675586,6,,False
250,370,cand_01705917,RFLRRLFRFLRRLF,RFLRRLF,repeat,910357784,2.9900995229980105,,5.9900900361950296,0.0428571428571429,13,0.64514154,1,1786,7689,3.1179323,8.681428,7,,False
251,614,cand_01856238,RRFLRLLLLRLFRR,RRFLRLL,mirror,941517789,2.9900995229980105,,5.9900900361950296,-0.0999999999999999,13,0.7202258,1,1628,7600,3.1181,8.682436,1,,False
252,268,cand_01823103,RLFRRLLRLFRRLL,RLFRRLL,repeat,925557789,2.9900995229980105,,5.9900900361950296,-0.0999999999999999,13,0.6650644,1,1921,7586,3.118807,8.686693,7,,False
253,571,cand_01822986,RLFRLFRRFLRFLR,RLFRLFR,mirror,925555694,2.9900995229980105,,5.9900900361950296,0.0428571428571429,13,0.70400023,1,1647,7538,3.1211123,8.700584,1,,False
254,188,cand_01257198,LRLGRLRRLRGLRL,LRLGRLR,mirror,622285794,2.9900995229980105,,5.9900900361950296,0.3571428571428572,13,0.67568517,1,2020,7653,3.124711,8.722315,2,,False
255,82,cand_01192491,LIRRLLRRLLRRIL,LIRRLLR,mirror,600755794,2.9900995229980105,,5.9900900361950296,-0.3428571428571428,13,0.77526885,1,2227,7610,3.125317,8.72598,2,,False
256,576,cand_02207602,VLLRRVRVLLRRVR,VLLRRVR,repeat,1118357954,2.9900995229980105,,5.9900900361950296,-0.3571428571428571,13,0.709731,1,1646,7600,3.1256175,8.727797,5,,False
257,630,cand_00860743,IRVRLRVVRLRVRI,IRVRLRV,mirror,495635897,2.9900995229980105,,5.9900900361950296,-0.4571428571428572,13,0.65332186,1,1618,7607,3.125689,8.7282295,6,,False
258,711,cand_01873281,RRLLRLVVLRLLRR,RRLLRLV,mirror,942317797,2.9900995229980105,,5.9900900361950296,-0.2999999999999999,13,0.7298205,1,1583,7616,3.1264935,8.733097,1,,False
259,231,cand_00437445,FRLLFKRFRLLFKR,FRLLFKR,repeat,302313774,2.989786557468041,,5.989464105135091,-0.0428571428571428,13,0.7588781,1,1959,7568,3.1285288,8.745427,1,,False
260,592,cand_00442519,FRRLLFRRFLLRRF,FRRLLFR,mirror,303115694,2.9900995229980105,,5.9900900361950296,0.0428571428571429,13,0.66203845,1,1639,7730,3.129697,8.752512,6,,False
261,183,cand_01616757,QLRIRRLLRRIRLQ,QLRIRRL,mirror,863101889,2.9900995229980105,,5.9900900361950296,0.7000000000000001,11,0.67636234,1,2026,7638,3.1297996,8.753134,6,,False
262,117,cand_01842659,RLRLGRLLRGLRLR,RLRLGRL,mirror,927114289,2.9900995229980105,,5.9900900361950296,0.3571428571428572,13,0.6401861,1,2145,7558,3.1311285,8.7612,1,,False
263,423,cand_00857140,IRRLLLRRLLLRRI,IRRLLLR,mirror,495115794,2.9900995229980105,,5.9900900361950296,-0.3428571428571428,13,0.6339413,1,1751,7565,3.1327038,8.770772,6,,False
264,464,cand_02233522,VRLRKLIVRLRKLI,VRLRKLI,repeat,1134355387,2.989786557468041,,5.989464105135091,-0.4857142857142856,13,0.67939556,1,1718,7663,3.1327536,8.771074,5,,False
265,364,cand_00598037,GLRLRLRRLRLRLG,GLRLRLR,mirror,351117794,2.9900995229980105,,5.9900900361950296,0.3571428571428572,13,0.71294355,1,1790,7421,3.134092,8.779216,6,,False
266,842,cand_02134502,VFKVRFRVFKVRFR,VFKVRFR,repeat,1102221694,2.989786557468041,,5.989464105135092,-0.1571428571428572,13,0.62277496,1,1532,7659,3.1361105,8.791508,5,,False
267,679,cand_01904090,RVLVRRLLRRVLVR,RVLVRRL,mirror,951981889,2.9900995229980105,,5.9900900361950296,-0.3571428571428571,13,0.75505507,1,1595,7710,3.1363988,8.793264,1,,False
268,505,cand_02241341,VRVRLVRVRVRLVR,VRVRLVR,repeat,1135635954,2.9900995229980105,,5.9900900361950296,-0.4142857142857143,13,0.7498434,1,1682,7552,3.1366448,8.794764,5,,False
269,84,cand_01837467,RLLKFFRRLLKFFR,RLLKFFR,repeat,926305694,2.989786557468041,,5.989464105135091,-0.0428571428571427,13,0.65785927,1,2211,7642,3.1394904,8.812127,1,,False
270,978,cand_01258967,LRLRRLILRLRRLI,LRLRRLI,repeat,622357787,2.9900995229980105,,5.9900900361950296,-0.3428571428571428,13,0.69233286,1,1488,7632,3.1398737,8.814469,2,,False
271,136,cand_01838779,RLLRRFFRLLRRFF,RLLRRFF,repeat,926357684,2.9900995229980105,,5.9900900361950296,0.0428571428571429,13,0.70072454,1,2099,7781,3.1427686,8.832174,7,,False
272,421,cand_01838211,RLLLRKLLKRLLLR,RLLLRKL,mirror,926317769,2.989786557468041,,5.989464105135092,-0.3285714285714284,13,0.6557056,1,1751,7650,3.143643,8.837528,1,,False
273,72,cand_01044012,KLFRFLRKLFRFLR,KLFRFLR,repeat,541553794,2.989786557468041,,5.989464105135092,-0.0428571428571427,13,0.65254647,1,2257,7560,3.1450515,8.846161,4,,False
274,351,cand_01227177,LLGRRLRLLGRRLR,LLGRRLR,repeat,605717794,2.9900995229980105,,5.9900900361950296,0.3571428571428572,13,0.75843805,1,1808,7509,3.1452358,8.847291,2,,False
275,311,cand_01175115,LGLLRRRLGLLRRR,LGLLRRR,repeat,593517894,2.9900995229980105,,5.9900900361950296,0.3571428571428571,13,0.6885638,1,1865,7725,3.1463726,8.854265,2,,False
276,877,cand_01896021,RVIRLRVVRLRIVR,RVIRLRV,mirror,951635897,2.9900995229980105,,5.9900900361950296,-0.4571428571428572,13,0.6584562,1,1519,7776,3.1467414,8.856529,1,,False
277,582,cand_02099431,TRVVRIRRIRVVRT,TRVVRIR,mirror,1071661754,2.9900995229980105,,5.9900900361950296,0.1857142857142857,11,0.6668977,1,1643,7546,3.1481035,8.864895,6,,False
278,159,cand_01258374,LRLLRRGLRLLRRG,LRLLRRG,repeat,622317885,2.9900995229980105,,5.9900900361950296,0.3571428571428572,13,0.6284508,1,2056,7773,3.148337,8.866329,2,,False
279,886,cand_01251265,LRIVRLRRLRVIRL,LRIVRLR,mirror,622061794,2.9900995229980105,,5.9900900361950296,-0.3999999999999999,13,0.6497404,1,1517,7723,3.148693,8.868518,2,,False
280,59,cand_01235903,LLVRRLKLLVRRLK,LLVRRLK,repeat,607637788,2.989786557468041,,5.989464105135091,-0.3857142857142857,13,0.64796567,1,2302,7695,3.150584,8.88015,2,,False
281,826,cand_00934731,KFRRLLLLLLRRFK,KFRRLLL,mirror,527155789,2.989786557468041,,5.989464105135091,-0.1857142857142856,13,0.76665765,1,1537,7648,3.150654,8.880581,4,,False
282,555,cand_01261293,LRRGLKLLRRGLKL,LRRGLKL,repeat,623083769,2.989786557468041,,5.989464105135091,0.2714285714285715,13,0.7760682,1,1658,7680,3.151387,8.885094,2,,False
283,570,cand_02241438,VRVRVIKKIVRVRV,VRVRVIK,mirror,1135638948,2.989786557468041,,5.989464105135092,-0.5999999999999999,13,0.7697454,1,1647,7593,3.1558805,8.91281,5,,False
284,752,cand_01228659,LLKFRLRLLKFRLR,LLKFRLR,repeat,606117794,2.989786557468041,,5.989464105135092,-0.1857142857142855,13,0.77553946,1,1565,7581,3.1597972,8.93704,2,,False
285,286,cand_01234077,LLRLGRRLLRLGRR,LLRLGRR,repeat,607114294,2.9900995229980105,,5.9900900361950296,0.3571428571428572,13,0.71209306,1,1897,7607,3.1614556,8.94732,2,,False
286,225,cand_00348529,FGRLFRLLRFLRGF,FGRLFRL,mirror,274313889,1.9901026852656707,,3.9900963607303503,-0.5428571428571428,13,0.6649095,1,1962,7733,3.1615324,8.947796,6,,False
287,526,cand_02206525,VLKRLRLLRLRKLV,VLKRLRL,mirror,1118195889,2.989786557468041,,5.989464105135091,-0.3857142857142856,13,0.7317759,1,1672,7468,3.161968,8.950499,5,,False
288,123,cand_01630135,QRLLRRIIRRLLRQ,QRLLRRI,mirror,878317887,2.9900995229980105,,5.9900900361950296,0.7000000000000001,11,0.63202745,1,2139,7654,3.165072,8.969776,6,,False
289,485,cand_01838220,RLLLRLRRLLLRLR,RLLLRLR,repeat,926317794,2.9900995229980105,,5.9900900361950296,-0.2428571428571428,13,0.6446273,1,1699,7612,3.1687064,8.992401,1,,False
290,668,cand_01265581,LRVIRLRRLRIVRL,LRVIRLR,mirror,623581794,2.9900995229980105,,5.9900900361950296,-0.3999999999999999,13,0.6719734,1,1600,7575,3.1727316,9.017526,2,,False
291,487,cand_01234255,LLRLRVRLLRLRVR,LLRLRVR,repeat,607117954,2.9900995229980105,,5.9900900361950296,-0.2999999999999999,13,0.7697825,1,1696,7563,3.173577,9.022812,2,,False
292,249,cand_01840429,RLRFLRLLRLFRLR,RLRFLRL,mirror,927075889,2.9900995229980105,,5.9900900361950296,-0.0999999999999999,13,0.64869523,1,1947,7542,3.1788003,9.055538,1,,False
293,233,cand_00857216,IRRLRLLLLRLRRI,IRRLRLL,mirror,495117789,2.9900995229980105,,5.9900900361950296,-0.3428571428571429,13,0.73864293,1,1958,7651,3.1788661,9.055951,6,,False
294,647,cand_01701403,RFKLLRLLRLLKFR,RFKLLRL,mirror,910155889,2.989786557468041,,5.989464105135091,-0.1857142857142856,13,0.64230984,1,1610,7568,3.1837718,9.086797,1,,False
295,633,cand_02096465,TRRLLRLLRLLRRT,TRRLLRL,mirror,1071115889,2.9900995229980105,,5.9900900361950296,0.4000000000000001,11,0.64135,1,1617,7585,3.1844392,9.0910015,6,,False
296,938,cand_02209834,VLRLRKLVLRLRKL,VLRLRKL,repeat,1119117769,2.989786557468041,,5.989464105135091,-0.3857142857142857,13,0.633094,1,1498,7603,3.1848392,9.093522,5,,False
297,918,cand_01911678,RVVVIKRRVVVIKR,RVVVIKR,repeat,953258974,2.989786557468041,,5.989464105135091,-0.6,13,0.6238019,1,1502,7687,3.1875293,9.110495,1,,False
298,305,cand_01843333,RLRRLFLLFLRRLR,RLRRLFL,mirror,927155689,2.9900995229980105,,5.9900900361950296,-0.0999999999999999,13,0.64910746,1,1871,7558,3.1884735,9.116458,1,,False
299,823,cand_01830841,RLIRRLLRLIRRLL,RLIRRLL,repeat,926037789,2.9900995229980105,,5.9900900361950296,-0.3428571428571428,13,0.6352519,1,1539,7633,3.1889951,9.119756,7,,False
300,543,cand_01837062,RLLGRRLLRRGLLR,RLLGRRL,mirror,926285889,2.9900995229980105,,5.9900900361950296,0.3571428571428572,13,0.75160545,1,1665,7768,3.1913753,9.134813,1,,False
301,459,cand_02199261,VKVRVIRVKVRVIR,VKVRVIR,repeat,1116438954,2.989786557468041,,5.989464105135092,-0.5999999999999999,13,0.77616614,1,1720,7694,3.1917856,9.137412,5,,False
302,236,cand_01617642,QLRRLKLLKLRRLQ,QLRRLKL,mirror,863155769,2.989786557468041,,5.989464105135092,0.7142857142857143,11,0.77074546,1,1957,7523,3.1920183,9.1388855,6,,False
303,838,cand_01907856,RVRLVKVVKVLRVR,RVRLVKV,mirror,952718977,2.989786557468041,,5.989464105135092,-0.5,13,0.72946477,1,1534,7677,3.1922941,9.140634,1,,False
304,914,cand_01263109,LRRLRVILRRLRVI,LRRLRVI,repeat,623117947,2.9900995229980105,,5.9900900361950296,-0.3999999999999999,13,0.6500688,1,1503,7568,3.1927176,9.143316,2,,False
305,625,cand_01880441,RRVLRLLRRVLRLL,RRVLRLL,repeat,943597789,2.9900995229980105,,5.9900900361950296,-0.2999999999999999,13,0.6769746,1,1621,7652,3.193186,9.146286,7,,False
306,156,cand_01644214,QVRVRKVVKRVRVQ,QVRVRKV,mirror,888781777,2.989786557468041,,5.989464105135092,0.5428571428571429,11,0.72331864,1,2058,7732,3.1964693,9.167125,6,,False
307,378,cand_01250456,LRILRRLLRRLIRL,LRILRRL,mirror,621997889,2.9900995229980105,,5.9900900361950296,-0.3428571428571428,13,0.66626275,1,1779,7718,3.1966312,9.168154,2,,False
308,318,cand_01058800,KLLLRRFFRRLLLK,KLLLRRF,mirror,542317884,2.989786557468041,,5.989464105135091,-0.1857142857142856,13,0.66624635,1,1849,7595,3.2009003,9.195323,4,,False
309,287,cand_01807623,RKLLRLGRKLLRLG,RKLLRLG,repeat,923117785,2.989786557468041,,5.989464105135091,0.2714285714285715,13,0.77013993,1,1894,7546,3.2010157,9.196059,7,,False
310,18,cand_01260577,LRRFLRLLRRFLRL,LRRFLRL,repeat,623075889,2.9900995229980105,,5.9900900361950296,-0.0999999999999999,13,0.6523824,1,2584,7688,3.2027485,9.207111,2,,False
311,454,cand_01230652,LLKRLLRRLLRKLL,LLKRLLR,mirror,606195794,2.989786557468041,,5.989464105135091,-0.3285714285714284,13,0.7085644,1,1723,7697,3.203038,9.208959,2,,False
312,271,cand_01263034,LRRLLRVVRLLRRL,LRRLLRV,mirror,623115897,2.9900995229980105,,5.9900900361950296,-0.2999999999999999,13,0.7290951,1,1916,7616,3.2063453,9.230094,2,,False
313,754,cand_01873068,RRLLIRVRRLLIRV,RRLLIRV,repeat,942315097,2.9900995229980105,,5.9900900361950296,-0.3999999999999999,13,0.66217613,1,1565,7707,3.2069333,9.233856,3,,False
314,210,cand_01278136,LVRRLLRRLLRRVL,LVRRLLR,mirror,632755794,2.9900995229980105,,5.9900900361950296,-0.2999999999999999,13,0.7599191,1,1991,7639,3.2078316,9.239608,2,,False
315,693,cand_01843850,RLRVKLLLLKVRLR,RLRVKLL,mirror,927179389,2.989786557468041,,5.989464105135092,-0.3857142857142858,13,0.7341506,1,1590,7504,3.211426,9.262656,1,,False
316,894,cand_01839168,RLLVVRRRLLVVRR,RLLVVRR,repeat,926383094,2.9900995229980105,,5.9900900361950296,-0.3571428571428571,13,0.67867464,1,1513,7614,3.2114263,9.262658,1,,False
317,441,cand_00442562,FRRLLLRFRRLLLR,FRRLLLR,repeat,303115794,2.9900995229980105,,5.9900900361950296,-0.0999999999999999,13,0.7348665,1,1735,7636,3.2126455,9.27049,1,,False
318,761,cand_01705916,RFLRRLFFLRRLFR,RFLRRLF,mirror,910357784,2.9900995229980105,,5.9900900361950296,0.0428571428571429,13,0.71934056,1,1563,7701,3.2126706,9.270651,1,,False
319,847,cand_02226025,VRIRVVKKVVRIRV,VRIRVVK,mirror,1134039148,2.989786557468041,,5.989464105135092,-0.6000000000000002,13,0.7724686,1,1529,7633,3.2160332,9.292284,5,,False
320,420,cand_01258378,LRLLRRLLRLLRRL,LRLLRRL,repeat,622317889,2.9900995229980105,,5.9900900361950296,-0.2428571428571427,13,0.7389639,1,1752,7509,3.219315,9.313446,2,,False
321,883,cand_01856087,RRFLKLLRRFLKLL,RRFLKLL,repeat,941515389,2.989786557468041,,5.989464105135091,-0.1857142857142855,13,0.7175693,1,1517,7593,3.2202892,9.3197365,7,,False
322,537,cand_01278134,LVRRLLKKLLRRVL,LVRRLLK,mirror,632755788,2.989786557468041,,5.989464105135092,-0.3857142857142857,13,0.7388356,1,1668,7689,3.220907,9.323729,2,,False
323,41,cand_01645087,QVVRKRVVRKRVVQ,QVVRKRV,mirror,889235497,2.989786557468041,,5.989464105135091,0.5428571428571429,11,0.70502883,1,2387,7845,3.2209468,9.323986,6,,False
324,469,cand_01257046,LRLGKRLLRLGKRL,LRLGKRL,repeat,622283489,2.989786557468041,,5.989464105135091,0.2714285714285715,13,0.73408115,1,1715,7678,3.223147,9.338216,2,,False
325,373,cand_01900960,RVKVRVLRVKVRVL,RVKVRVL,repeat,951821949,2.989786557468041,,5.989464105135091,-0.5000000000000001,13,0.73667634,1,1783,7582,3.227334,9.365357,7,,False
326,345,cand_01264075,LRRVLRLLRLVRRL,LRRVLRL,mirror,623179889,2.9900995229980105,,5.9900900361950296,-0.2999999999999999,13,0.7932046,1,1816,7723,3.2276754,9.367574,2,,False
327,684,cand_01263033,LRRLLRLLRRLLRL,LRRLLRL,repeat,623115889,2.9900995229980105,,5.9900900361950296,-0.2428571428571427,13,0.63365483,1,1594,7589,3.2287629,9.374638,2,,False
328,384,cand_01234837,LLRRRLILLRRRLI,LLRRRLI,repeat,607157787,2.9900995229980105,,5.9900900361950296,-0.3428571428571428,13,0.6390269,1,1775,7697,3.2295952,9.380047,2,,False
329,871,cand_01258294,LRLLKVRLRLLKVR,LRLLKVR,repeat,622315554,2.989786557468041,,5.989464105135091,-0.3857142857142856,13,0.71300924,1,1520,7534,3.2325578,9.399329,2,,False
330,859,cand_01906831,RVRIVRVRVRIVRV,RVRIVRV,repeat,952703097,2.9900995229980105,,5.9900900361950296,-0.5142857142857143,13,0.6871894,1,1525,7538,3.2338674,9.407866,3,,False
331,391,cand_01707658,RFRFLRLLRLFRFR,RFRFLRL,mirror,911075889,2.9900995229980105,,5.9900900361950296,0.0428571428571429,13,0.7105784,1,1771,7625,3.2360847,9.422336,1,,False
332,728,cand_02079543,TLRRRLVVLRRRLT,TLRRRLV,mirror,1055157797,2.9900995229980105,,5.9900900361950296,0.3428571428571429,11,0.6435384,1,1578,7750,3.2372923,9.430225,6,,False
333,547,cand_01250800,LRIRIVRLRIRIVR,LRIRIVR,repeat,622035154,2.9900995229980105,,5.9900900361950296,-0.5,13,0.6659832,1,1662,7682,3.2379394,9.434456,2,,False
334,274,cand_01254943,LRKLRLLLRKLRLL,LRKLRLL,repeat,622157789,2.989786557468041,,5.989464105135091,-0.3285714285714285,13,0.6327081,1,1915,7586,3.2380805,9.435379,2,,False
335,605,cand_00411248,FLRLLRRRRLLRLF,FLRLLRR,mirror,287115894,2.9900995229980105,,5.9900900361950296,-0.0999999999999999,13,0.7278474,1,1632,7536,3.2401552,9.448957,6,,False
336,773,cand_01781404,RIVRLRVVRLRVIR,RIVRLRV,mirror,921235897,2.9900995229980105,,5.9900900361950296,-0.4571428571428572,13,0.7178749,1,1558,7531,3.2404594,9.450951,1,,False
337,242,cand_01838821,RLLRRLLRLLRRLL,RLLRRLL,repeat,926357789,2.9900995229980105,,5.9900900361950296,-0.2428571428571427,13,0.62543434,1,1955,7685,3.240603,9.451891,7,,False
338,837,cand_02210343,VLRRLRIIRLRRLV,VLRRLRI,mirror,1119155887,2.9900995229980105,,5.9900900361950296,-0.4,13,0.62793666,1,1535,7440,3.2408428,9.453463,5,,False
339,519,cand_02236572,VRRILRVVRLIRRV,VRRILRV,mirror,1135099897,2.9900995229980105,,5.9900900361950296,-0.4571428571428571,13,0.72363967,1,1674,7766,3.2412689,9.456255,5,cluster_center,True
340,518,cand_01643371,QVRKVRVVRVKRVQ,QVRKVRV,mirror,888711097,2.989786557468041,,5.989464105135091,0.5428571428571428,11,0.6305375,1,1675,7605,3.242238,9.462609,6,,False
341,109,cand_01244693,LRGFRRLLRRFGRL,LRGFRRL,mirror,621637889,2.9900995229980105,,5.9900900361950296,0.5000000000000001,13,0.64913386,1,2161,7624,3.2428482,9.466612,2,,False
342,840,cand_01228799,LLKGFRRLLKGFRR,LLKGFRR,repeat,606121894,2.989786557468041,,5.989464105135092,0.4142857142857143,13,0.7802931,1,1533,7622,3.2464151,9.4900465,2,,False
343,810,cand_01842879,RLRLLRFFRLLRLR,RLRLLRF,mirror,927115884,2.9900995229980105,,5.9900900361950296,-0.0999999999999999,13,0.71108335,1,1543,7544,3.2469642,9.493659,1,,False
344,906,cand_02240387,VRVKIRVVRVKIRV,VRVKIRV,repeat,1135587097,2.989786557468041,,5.989464105135091,-0.6000000000000002,13,0.7468097,1,1505,7456,3.2493932,9.509657,5,,False
345,748,cand_01907799,RVRLRLLRVRLRLL,RVRLRLL,repeat,952717789,2.9900995229980105,,5.9900900361950296,-0.2999999999999999,13,0.6297308,1,1567,7563,3.249619,9.511145,7,,False
346,563,cand_01219274,LKRLRLLLLRLRKL,LKRLRLL,mirror,603917789,2.989786557468041,,5.989464105135091,-0.3285714285714285,13,0.6445263,1,1652,7579,3.2499464,9.513303,2,,False
347,781,cand_01906700,RVRILRVVRLIRVR,RVRILRV,mirror,952699897,2.9900995229980105,,5.9900900361950296,-0.457142857142857,13,0.6653271,1,1555,7719,3.2541134,9.540821,1,,False
348,348,cand_01843930,RLRVLRVVRLVRLR,RLRVLRV,mirror,927179897,2.9900995229980105,,5.9900900361950296,-0.3571428571428571,13,0.75120246,1,1813,7642,3.2557652,9.551751,1,,False
349,257,cand_01746345,RGRLLLRRLLLRGR,RGRLLLR,mirror,914315794,2.9900995229980105,,5.9900900361950296,0.3571428571428572,13,0.74077255,1,1931,7565,3.2579494,9.566222,1,,False
350,742,cand_00411524,FLRRFLRRLFRRLF,FLRRFLR,mirror,287153794,2.9900995229980105,,5.9900900361950296,0.0428571428571429,13,0.68608266,1,1568,7704,3.2584667,9.5696535,6,,False
351,323,cand_01822476,RLFLRLRRLFLRLR,RLFLRLR,repeat,925517794,2.9900995229980105,,5.9900900361950296,-0.0999999999999999,13,0.6742004,1,1843,7692,3.2589173,9.572643,1,,False
352,491,cand_02241332,VRVRLRIVRVRLRI,VRVRLRI,repeat,1135635887,2.9900995229980105,,5.9900900361950296,-0.4571428571428571,13,0.638736,1,1694,7765,3.2590268,9.573369,5,,False
353,980,cand_01899956,RVKLRLLRVKLRLL,RVKLRLL,repeat,951757789,2.989786557468041,,5.989464105135091,-0.3857142857142857,13,0.74983644,1,1487,7720,3.2608023,9.585158,7,,False
354,589,cand_01258379,LRLLRRVVRRLLRL,LRLLRRV,mirror,622317897,2.9900995229980105,,5.9900900361950296,-0.2999999999999999,13,0.69274163,1,1641,7522,3.2633278,9.601953,2,,False
355,283,cand_01872873,RRLLFRFFRFLLRR,RRLLFRF,mirror,942313884,2.9900995229980105,,5.9900900361950296,0.0428571428571429,13,0.7730762,1,1902,7672,3.2634995,9.603095,1,,False
356,329,cand_01234772,LLRRLRLLRLRRLL,LLRRLRL,mirror,607155889,2.9900995229980105,,5.9900900361950296,-0.2428571428571427,13,0.74692833,1,1831,7530,3.2697847,9.645023,2,,False
357,954,cand_01246637,LRGLFRRLRGLFRR,LRGLFRR,repeat,621673894,2.9900995229980105,,5.9900900361950296,0.5000000000000001,13,0.67296714,1,1493,7556,3.2699006,9.645798,2,,False
358,557,cand_00411271,FLRLRFRFLRLRFR,FLRLRFR,repeat,287117694,2.9900995229980105,,5.9900900361950296,0.0428571428571429,13,0.6316907,1,1658,7662,3.271081,9.653693,1,,False
359,889,cand_01838156,RLLLLKRRLLLLKR,RLLLLKR,repeat,926315774,2.989786557468041,,5.989464105135091,-0.3285714285714285,13,0.70105094,1,1515,7759,3.2736204,9.6707,1,,False
360,831,cand_02210483,VLRRVRIVLRRVRI,VLRRVRI,repeat,1119159087,2.9900995229980105,,5.9900900361950296,-0.4571428571428571,13,0.666858,1,1536,7612,3.273677,9.671081,5,,False
361,907,cand_01233703,LLRKIRVVRIKRLL,LLRKIRV,mirror,607107097,2.989786557468041,,5.989464105135091,-0.4857142857142856,13,0.7252396,1,1505,7629,3.2779367,9.6996765,2,,False
362,979,cand_01846638,RLVRIRVVRIRVLR,RLVRIRV,mirror,927635097,2.9900995229980105,,5.9900900361950296,-0.4571428571428572,13,0.65046495,1,1488,7598,3.279293,9.7088,1,,False
363,802,cand_01896356,RVIVVKRRVIVVKR,RVIVVKR,repeat,951662974,2.989786557468041,,5.989464105135091,-0.5999999999999998,13,0.67751485,1,1545,7537,3.2849205,9.746745,1,,False
364,400,cand_02138317,VFRRFLRRLFRRFV,VFRRFLR,mirror,1103153794,2.9900995229980105,,5.9900900361950296,-0.0142857142857142,13,0.7562898,1,1765,7531,3.285948,9.75369,5,,False
365,425,cand_01741213,RGLLRFFRGLLRFF,RGLLRFF,repeat,913517684,1.9901026852656707,,3.9900963607303503,-0.5428571428571427,13,0.63688415,1,1748,7476,3.2883773,9.770126,7,,False
366,921,cand_01275372,LVLRRIKLVLRRIK,LVLRRIK,repeat,631957748,2.989786557468041,,5.989464105135091,-0.4857142857142856,13,0.65534997,1,1501,7582,3.2886486,9.771964,2,,False
367,598,cand_01234905,LLRRVLRRLVRRLL,LLRRVLR,mirror,607158994,2.9900995229980105,,5.9900900361950296,-0.2999999999999999,13,0.7107121,1,1636,7583,3.2895944,9.778373,2,,False
368,613,cand_02094260,TRLRLLRRLLRLRT,TRLRLLR,mirror,1070355794,2.9900995229980105,,5.9900900361950296,0.4000000000000001,11,0.6597052,1,1629,7582,3.289982,9.781001,6,,False
369,431,cand_01258384,LRLLRVKLRLLRVK,LRLLRVK,repeat,622317948,2.989786557468041,,5.989464105135091,-0.3857142857142857,13,0.71243274,1,1744,7553,3.2904205,9.783974,2,,False
370,804,cand_01776797,RIRILRVVRLIRIR,RIRILRV,mirror,920699897,2.9900995229980105,,5.9900900361950296,-0.5,13,0.6313462,1,1545,7649,3.2908158,9.786654,1,,False
371,489,cand_00393895,FKRLRLLLLRLRKF,FKRLRLL,mirror,283917789,2.989786557468041,,5.989464105135091,-0.1857142857142856,13,0.7178588,1,1695,7627,3.2911484,9.788912,6,,False
372,418,cand_01254942,LRKLRLLLLRLKRL,LRKLRLL,mirror,622157789,2.989786557468041,,5.989464105135091,-0.3285714285714284,13,0.64798105,1,1755,7737,3.2956662,9.819613,2,,False
373,63,cand_01263493,LRRRLGLLRRRLGL,LRRRLGL,repeat,623155709,2.9900995229980105,,5.9900900361950296,0.3571428571428571,13,0.72013557,1,2289,7589,3.2957957,9.820495,2,,False
374,171,cand_00437696,FRLLRRLLRRLLRF,FRLLRRL,mirror,302317889,2.9900995229980105,,5.9900900361950296,-0.0999999999999999,13,0.7771993,1,2044,7759,3.2984154,9.838344,6,,False
375,219,cand_00442572,FRRLLRLFRRLLRL,FRRLLRL,repeat,303115889,2.9900995229980105,,5.9900900361950296,-0.0999999999999999,13,0.7477567,1,1980,7595,3.2985814,9.839475,7,,False
376,450,cand_00349544,FGRRLLRRLLRRGF,FGRRLLR,mirror,274355794,2.9900995229980105,,5.9900900361950296,0.5000000000000001,13,0.7448562,1,1725,7585,3.303551,9.873427,6,,False
377,874,cand_02195714,VKRLRLVVLRLRKV,VKRLRLV,mirror,1115917797,2.989786557468041,,5.989464105135091,-0.442857142857143,13,0.65715593,1,1520,7565,3.3045118,9.880005,5,,False
378,104,cand_00420612,FRFLLKRFRFLLKR,FRFLLKR,repeat,301515774,2.989786557468041,,5.989464105135091,-0.0428571428571428,13,0.8116,1,2172,7664,3.3046901,9.881227,1,cluster_boundary,True
379,395,cand_00371344,FKFGRFRRFRGFKF,FKFGRFR,mirror,282285694,2.989786557468041,,5.989464105135091,0.7000000000000001,13,0.637716,1,1767,7589,3.3047009,9.8813,6,,False
380,229,cand_01258983,LRLRRVVLRLRRVV,LRLRRVV,repeat,622357957,2.9900995229980105,,5.9900900361950296,-0.3571428571428571,13,0.6887069,1,1960,7691,3.3066864,9.894909,3,cluster_boundary,True
381,193,cand_01234031,LLRLFRRLLRLFRR,LLRLFRR,repeat,607113894,2.9900995229980105,,5.9900900361950296,-0.0999999999999999,13,0.62455416,1,2009,7675,3.3070974,9.897728,2,,False
382,904,cand_01192501,LIRRLRLLRLRRIL,LIRRLRL,mirror,600755889,2.9900995229980105,,5.9900900361950296,-0.3428571428571428,13,0.64192027,1,1507,7650,3.3077984,9.902538,2,,False
383,951,cand_01843430,RLRRVILRLRRVIL,RLRRVIL,repeat,927158949,2.9900995229980105,,5.9900900361950296,-0.3999999999999999,13,0.6264884,1,1494,7609,3.3107097,9.922542,7,,False
384,931,cand_01258114,LRLKVVRLRLKVVR,LRLKVVR,repeat,622311154,2.989786557468041,,5.989464105135091,-0.4428571428571428,13,0.62604135,1,1499,7528,3.3112004,9.925917,2,,False
385,940,cand_00341995,FGKLLRRFGKLLRR,FGKLLRR,repeat,273355894,2.989786557468041,,5.989464105135092,0.4142857142857143,13,0.7745245,1,1496,7607,3.311334,9.926836,1,,False
386,358,cand_01255888,LRKVLRLLRLVKRL,LRKVLRL,mirror,622219889,2.989786557468041,,5.989464105135091,-0.3857142857142857,13,0.64509875,1,1800,7600,3.312015,9.931523,2,cluster_center,True
387,765,cand_02229830,VRKLRLVVRKLRLV,VRKLRLV,repeat,1134157797,2.989786557468041,,5.989464105135091,-0.4428571428571429,13,0.69574815,1,1562,7566,3.314857,9.951107,5,,False
388,595,cand_01232559,LLRFRIRLLRFRIR,LLRFRIR,repeat,607077754,2.9900995229980105,,5.9900900361950296,-0.1999999999999999,13,0.71531284,1,1637,7497,3.3166637,9.963576,2,,False
389,772,cand_01254866,LRKLLLRRLLLKRL,LRKLLLR,mirror,622155794,2.989786557468041,,5.989464105135091,-0.3285714285714284,13,0.7052119,1,1559,7559,3.3194888,9.983106,2,,False
390,507,cand_00597944,GLRLLRRRRLLRLG,GLRLLRR,mirror,351115894,2.9900995229980105,,5.9900900361950296,0.3571428571428572,13,0.6851856,1,1682,7442,3.3195922,9.983822,6,,False
391,994,cand_00860748,IRVRLVRIRVRLVR,IRVRLVR,repeat,495635954,2.9900995229980105,,5.9900900361950296,-0.4571428571428572,13,0.65348756,1,1483,7515,3.3197298,9.984775,1,,False
392,511,cand_01230184,LLKLRRLLLKLRRL,LLKLRRL,repeat,606157889,2.989786557468041,,5.989464105135092,-0.3285714285714283,13,0.7036895,1,1679,7601,3.3203242,9.988889,2,,False
393,472,cand_01910994,RVVLRRVVRRLVVR,RVVLRRV,mirror,953197897,2.9900995229980105,,5.9900900361950296,-0.4142857142857143,13,0.7452983,1,1711,7552,3.3224545,10.003649,1,,False
394,393,cand_00830717,ILRRRLLILRRRLL,ILRRRLL,repeat,479157789,2.9900995229980105,,5.9900900361950296,-0.3428571428571429,13,0.7127107,1,1769,7678,3.3237998,10.012982,7,,False
395,612,cand_00857289,IRRLVRVIRRLVRV,IRRLVRV,repeat,495119097,2.9900995229980105,,5.9900900361950296,-0.457142857142857,13,0.6316428,1,1630,7675,3.324275,10.016281,3,,False
396,757,cand_02241470,VRVRVVKKVVRVRV,VRVRVVK,mirror,1135639148,2.989786557468041,,5.989464105135092,-0.5571428571428573,13,0.72615606,1,1564,7598,3.3254542,10.024471,5,,False
397,685,cand_01256709,LRLFRLRRLRFLRL,LRLFRLR,mirror,622277794,2.9900995229980105,,5.9900900361950296,-0.0999999999999999,13,0.76157147,1,1593,7602,3.3273954,10.037969,2,,False
398,490,cand_01263515,LRRRLLILRRRLLI,LRRRLLI,repeat,623155787,2.9900995229980105,,5.9900900361950296,-0.3428571428571429,13,0.6363046,1,1695,7584,3.3278248,10.0409565,2,,False
399,401,cand_01234157,LLRLKRVLLRLKRV,LLRLKRV,repeat,607115497,2.989786557468041,,5.989464105135091,-0.3857142857142855,13,0.71997523,1,1765,7609,3.3278337,10.0410185,3,,False
400,542,cand_01263093,LRRLRLFLRRLRLF,LRRLRLF,repeat,623117784,2.9900995229980105,,5.9900900361950296,-0.0999999999999999,13,0.69003826,1,1666,7614,3.32829,10.044194,2,,False
